"clusters","hrs","ntrees","acuracia_total_treino","acuracia_total_teste","bal_acc_nevoa","bal_acc_visBaixa","bal_acc_visMedia","bal_acc_visCompleta","runtime_sec"
2,1,1,0.779772517675991,0.780104926633331,0.596801177712987,0.695101311858834,0.627693549510266,0.759542175460103,9.89
2,1,21,0.842278922020699,0.843798672022297,0.621784533621066,0.755130707420203,0.659518424016149,0.78878101517226,32.827
2,1,41,0.84521979711036,0.846995655381589,0.604383805107249,0.762733595948712,0.665306071614836,0.791754232869515,60.257
2,1,61,0.846019059329849,0.848266251332076,0.598631549545827,0.765945378948216,0.665513076273694,0.792778907692798,89.556
2,1,81,0.846900297161594,0.849208951553406,0.604507200961149,0.767087726924591,0.66701827305999,0.793325827469273,117.102
2,1,101,0.847576595962701,0.849905729977867,0.604486634985499,0.768273656953453,0.66732162746395,0.794401338518118,143.839
2,1,121,0.847443385592786,0.849372899417985,0.604466069009849,0.767870863370276,0.666569939049185,0.793811363672547,167.546
2,1,141,0.847812275847935,0.849741782113288,0.604466069009849,0.767770494821694,0.667464787114027,0.794582723046552,191.256
2,1,161,0.848078696587765,0.849987703910157,0.604486634985499,0.769001326291892,0.667746556522266,0.795318808507928,216.569
2,1,181,0.847771288041808,0.849208951553406,0.604466069009849,0.768821720526547,0.665346511671128,0.794616613863593,245.611
2,3,1,0.720129503003404,0.733942697872689,0.556282841336295,0.628061949525988,0.582905777728085,0.680107084870328,6.00700000000006
2,3,21,0.805365416218737,0.813706603270894,0.558400440020506,0.656345070059413,0.587899770010835,0.680456351602228,33.306
2,3,41,0.809874162676392,0.817600524654671,0.545351749401914,0.665427128683416,0.582574738649032,0.676701573365288,61.915
2,3,61,0.810765665520412,0.819895888838792,0.551865815105947,0.66317526067644,0.584627204428219,0.678068929797387,89.799
2,3,81,0.811216546088421,0.821084559576997,0.558359321599453,0.668792130021307,0.58312455478454,0.67776402269532,118.034
2,3,101,0.811329266755445,0.820346763946387,0.551865815105947,0.665629085419795,0.583799481455626,0.676853468901939,146.458
2,3,121,0.811595692115465,0.820633684469402,0.558359321599453,0.663793141131208,0.583693381395071,0.675099006330216,175.071
2,3,141,0.812384725444166,0.821207525515432,0.558379880809979,0.665234020484896,0.584480812808989,0.67587950758237,201.434
2,3,161,0.812056809554592,0.820551707177112,0.558359321599453,0.664661019304878,0.581337491835596,0.675139826841803,249.651
2,3,181,0.812015823428533,0.822232241669058,0.577860400290499,0.668579743893183,0.590686769852518,0.684361537337466,313.562
2,5,1,0.6991310050828,0.712083948188228,0.5275800367072,0.58719760318383,0.566594199545519,0.631295046501052,4.99200000000019
2,5,21,0.79567347106083,0.814477783243155,0.524406897854227,0.630684612976792,0.584998028362094,0.653574539476157,40.8710000000001
2,5,41,0.799967207738974,0.816650270536153,0.524448060281164,0.622725036891294,0.570681343907041,0.636057031341103,62.4860000000003
2,5,61,0.801391621577308,0.817961960977209,0.519566680710318,0.620399767473058,0.571566547037865,0.632707778165872,99.009
2,5,81,0.802303656337104,0.818494835218888,0.539153942634105,0.626548316415508,0.579058929981557,0.643424303989738,144.557
2,5,101,0.80278529267093,0.81824889326119,0.539133361420636,0.626816616732996,0.576741365598872,0.6416576925538,178.232
2,5,121,0.802826282997213,0.818043941629775,0.514664719926004,0.618946474086661,0.569637526256725,0.629703399252132,179.921
2,5,141,0.803010739465486,0.817879980324643,0.514664719926004,0.618163931493986,0.568962866342018,0.630248523578859,206.384
2,5,161,0.803594851615019,0.818986719134284,0.539133361420636,0.627263783928811,0.57624559591262,0.642299595478021,279.511
2,5,181,0.803676832267585,0.818740777176586,0.539133361420636,0.627643876045253,0.575199108733225,0.64224785974415,311.671
2,7,1,0.695248828739198,0.709407665505226,0.541405946499381,0.556287917635072,0.536870605547426,0.575599186011685,4.72999999999956
2,7,21,0.796060582720681,0.810125025620004,0.521381929714179,0.617504804102855,0.568016113380301,0.625382466323886,41.6329999999998
2,7,41,0.799555216395835,0.814593154334905,0.526758273800201,0.620658086246688,0.567965571912606,0.623386263687822,78.4120000000003
2,7,61,0.800385330575058,0.816109858577577,0.532134617886222,0.6202838582884,0.567001199232612,0.624071583078116,114.104
2,7,81,0.800426317960479,0.816724738675958,0.526758273800201,0.618384045568867,0.566686662255927,0.622532482928387,148.497
2,7,101,0.80087724179552,0.817134658741545,0.526758273800201,0.61799372377352,0.566228458368662,0.621216022296737,182.378000000001
2,7,121,0.801235928574562,0.816314818610371,0.521381929714179,0.615144004694221,0.566639985631581,0.619101499041247,218.266
2,7,141,0.801389652800191,0.817134658741545,0.521402504152497,0.615144004694221,0.567546542768796,0.620395300592933,251.047
2,7,161,0.801266674679998,0.817257634761222,0.521402504152497,0.614552232455683,0.567186617448882,0.619359492397704,287.322999999999
2,7,181,0.801553616625393,0.817052674728428,0.521402504152497,0.61223028023995,0.567349985634094,0.61887743604866,324.77
2,9,1,0.682426217388721,0.705981224121674,0.540335570179049,0.593759352623629,0.568773841890053,0.627075523400612,5.29599999999937
2,9,21,0.795830736077711,0.813840036075923,0.520805697674922,0.614769617346582,0.581657144131656,0.631968708045258,42.7510000000002
2,9,41,0.799653592337379,0.816135776657238,0.531393746940402,0.614561849249692,0.575948140387473,0.625246012880714,78.4840000000004
2,9,61,0.800463264501967,0.81793957282827,0.531414324765738,0.614276954785746,0.576429377813643,0.62534534630701,115.01
2,9,81,0.80085272196434,0.818349526503505,0.531476058241744,0.612124441901852,0.576369108439262,0.624548905447388,149.25
2,9,101,0.801488160455497,0.818103554298364,0.531455480416409,0.613367521397404,0.57555268388739,0.623709653522739,183.62
2,9,121,0.802031344874003,0.817980568195794,0.531455480416409,0.610926115147404,0.575935286580758,0.623351087418279,221.035
2,9,141,0.802338817693633,0.81888246628131,0.531455480416409,0.61325763899572,0.576766007953644,0.62380583020936,259.689
2,9,161,0.802420798554903,0.819005452383881,0.531455480416409,0.613701167504615,0.575734935024831,0.624573368913117,294.616
2,9,181,0.802236321291629,0.819497396794162,0.531455480416409,0.61545490462072,0.577531213340379,0.624931935017576,329.674
2,11,1,0.690648096612572,0.714525849698659,0.537453568809706,0.598939828547215,0.586044451288792,0.647225626711627,6.43399999999929
2,11,21,0.800403854710926,0.817965643065065,0.5616948806174,0.622218100346462,0.595830226259165,0.647120227587151,42.9349999999995
2,11,41,0.803007327375557,0.820835554097823,0.550479499999538,0.620821523900585,0.593682842702069,0.643734970980952,78.8530000000001
2,11,61,0.803417316767157,0.820753556639744,0.556035754212674,0.617376890436231,0.592431977037213,0.639901165046078,114.608
2,11,81,0.803981067782061,0.819974580787996,0.55607690308931,0.617242433641681,0.589432609681055,0.637445407310401,150.036
2,11,101,0.804063069862792,0.820712557910705,0.55607690308931,0.620419759582542,0.589899048925934,0.637454373313093,186.969
2,11,121,0.804063068181828,0.821204542659178,0.550438351122902,0.619787896724075,0.591992861711939,0.638487252836113,226.906
2,11,141,0.804257812985247,0.820794555368784,0.54484094803313,0.61849575765854,0.592084084034535,0.638616988253609,257.969999999999
2,11,161,0.804483310617617,0.820097576975114,0.53922297050504,0.615917483410312,0.591177238510395,0.636447599361003,297.92
2,11,181,0.804339814645738,0.820753556639744,0.53922297050504,0.617713032422606,0.591433909190477,0.637324637895596,330.297999999999
2,13,1,0.689868026148185,0.711497457766115,0.591648816050306,0.613104758249023,0.581711625199683,0.640795288722118,6.02599999999984
2,13,21,0.803397141650113,0.823314744956536,0.564458999252089,0.63891747473732,0.59793432693747,0.65555451323744,42.4670000000006
2,13,41,0.805426844774911,0.826390027882565,0.546914808387248,0.64222363374369,0.59789370362776,0.651703668959767,78.9150000000009
2,13,61,0.806185418346597,0.827005084467771,0.558720661453076,0.641561944975034,0.597592111207821,0.650450020846362,115.761999999999
2,13,81,0.80683122292757,0.827169099557159,0.546955955570724,0.641411907351387,0.596821717512743,0.648891755263706,153.079
2,13,101,0.806995236335718,0.826964080695424,0.558741235044814,0.636814815491804,0.597453556431214,0.648260892224307,186.223
2,13,121,0.807190006145921,0.826800065606036,0.564623587985991,0.637920981200362,0.594323537318936,0.646362049197415,223.803
2,13,141,0.807374513033704,0.826513039199606,0.558761808636552,0.637038729508821,0.594393336108723,0.645514644569523,260.52
2,13,161,0.80730275832354,0.826595046744301,0.552858882103638,0.637416032243618,0.593808898719249,0.645741088180113,292.815000000001
2,13,181,0.807764054755748,0.826554042971953,0.552879455695375,0.637924332294494,0.592594708017239,0.644551282051282,330.166999999999
2,15,1,0.692772196022145,0.72187820381382,0.537905855867522,0.616619399095631,0.590324612606826,0.655055075931598,6.05000000000109
2,15,21,0.801558335042034,0.823087963912241,0.539037729426955,0.634246009220009,0.60395075836059,0.660922677263559,42.8310000000001
2,15,41,0.804285421365594,0.824769325404962,0.527863512928563,0.635166137674427,0.599019847218858,0.653450157288612,79.6739999999991
2,15,61,0.804972319048595,0.827803977855239,0.527904671967088,0.637187713620192,0.602266554476921,0.654500736097653,115.393
2,15,81,0.805648964527373,0.826450686897683,0.516668716910908,0.631839270648628,0.59999891384201,0.651395502373089,150.966999999999
2,15,101,0.805761738773836,0.826409678080787,0.516627557872383,0.63201946706272,0.600038414105165,0.649860582956358,186.353999999999
2,15,121,0.805946278449867,0.827434898503178,0.511009580344293,0.635790068788148,0.600472258000506,0.65160412908774,225.621000000001
2,15,141,0.805966782858315,0.827762969038343,0.511050739382818,0.63682056445641,0.601216268283818,0.651700061551285,260.186
2,15,161,0.805577199097806,0.827968013122821,0.511050739382818,0.635561445102734,0.603143309463688,0.652153645529682,294.710000000001
2,15,181,0.805669468935821,0.827598933770761,0.511091898421343,0.63466947491284,0.600698247144262,0.650138128137231,332.084000000001
2,17,1,0.689723663645603,0.726724632925929,0.541980598304666,0.618000118848911,0.599863674959261,0.656363508777529,6.09699999999975
2,17,21,0.802719255431702,0.827864818308588,0.543544255616822,0.641555715047594,0.612821461929577,0.664832081553538,43.9030000000002
2,17,41,0.804934058267865,0.830653760971208,0.537314830055139,0.644931153061171,0.606750466027765,0.660893191987707,80.5109999999986
2,17,61,0.80572358563835,0.830407677795095,0.531147127808411,0.641142752693362,0.603930448561655,0.658409064278284,118.776
2,17,81,0.806051709156379,0.831884176851776,0.531126553370093,0.644676261907323,0.605228680180023,0.659070997342839,155.141
2,17,101,0.806267029832721,0.831761135263719,0.537335404493457,0.642280478486144,0.605272405491069,0.658285270404744,194.861000000001
2,17,121,0.806400326568655,0.831884176851776,0.531105978931775,0.639540097698963,0.606772905657792,0.658080263559564,233.200999999999
2,17,141,0.80597992648565,0.831433024362234,0.531105978931775,0.639540097698963,0.60484238795276,0.656751269992776,266.578
2,17,161,0.806379819637312,0.831186941186121,0.531085404493457,0.638709229907415,0.605132107123207,0.657466230232066,305.332
2,17,181,0.806584896941218,0.83184316298909,0.531105978931775,0.638207646670141,0.607823046036468,0.658970070431048,344.287999999999
2,19,1,0.683861336633221,0.7272130609566,0.55616357572021,0.628756657314521,0.590823717095456,0.659724611024702,6.20600000000013
2,19,21,0.804063130897741,0.836656001312659,0.552160918131723,0.658716111514536,0.621001653148413,0.677026913319584,42.902
2,19,41,0.806155194779074,0.838912133891213,0.557995454528048,0.655147282669007,0.620245107430843,0.672295910600797,81.969000000001
2,19,61,0.806185967374902,0.838953154483551,0.552160918131723,0.656330421757571,0.616401148145541,0.671941080763435,118.626
2,19,81,0.806596176874063,0.840101731068997,0.552160918131723,0.659277970129997,0.618165547604768,0.672945119157586,158.421999999999
2,19,101,0.806975619666929,0.841086225285093,0.557974871620095,0.660372185276956,0.618547777057084,0.674406757378558,194.17
2,19,121,0.807078171147772,0.841045204692756,0.563788825108467,0.660751447536677,0.618464543839507,0.675772853796886,231.205
2,19,141,0.807098678499174,0.840881122323406,0.56380940801642,0.660974647729289,0.617222012633564,0.674853514925156,269.898000000001
2,19,161,0.807375574859367,0.840388875215358,0.563829990924374,0.658563610801825,0.617590828268786,0.673155323479276,307.293
2,19,181,0.807457616885404,0.840799081138732,0.563829990924374,0.658965252436714,0.618571050190579,0.674129924001485,342.709999999999
2,21,1,0.687929502748662,0.720193648970214,0.602804675374621,0.625119454056408,0.592300533631917,0.647180332580112,6.18100000000049
2,21,21,0.806131657829686,0.830393041765816,0.566378232862225,0.658613278094082,0.617994045876242,0.677615211374824,43.0299999999988
2,21,41,0.808121518402803,0.832075162057931,0.585528863982859,0.657841032744367,0.613469359043073,0.67158305405936,81.4529999999995
2,21,61,0.808603607136887,0.83326495445967,0.580787561635557,0.659501307323737,0.610452986561488,0.671831638776955,117.109000000002
2,21,81,0.80844974162549,0.834659883482399,0.566522449764446,0.65958038414676,0.615139310392806,0.672431361621046,155.719000000001
2,21,101,0.808911311647544,0.83502912940018,0.595052673506668,0.65928911978912,0.613832075634748,0.671679012505933,194.831999999999
2,21,121,0.808993370504216,0.834823992779191,0.580746356806351,0.659491357890778,0.613381381868223,0.670274669363832,234.302
2,21,141,0.808993372187526,0.834988102075983,0.580766959220954,0.661621806684508,0.612883869430412,0.671436010825229,270.446
2,21,161,0.808983117881442,0.834823992779191,0.580766959220954,0.659244177988751,0.613073116245326,0.671185227786858,306.312000000002
2,21,181,0.808890801772894,0.83502912940018,0.580766959220954,0.659266648888935,0.613617447354423,0.671428229467562,343.457999999999
2,23,1,0.696694570971316,0.728671673027207,0.566575624038249,0.632699580346392,0.604151744749345,0.662014454233674,6.28099999999904
2,23,21,0.810045549673766,0.83515942385818,0.590703168582992,0.67523972011915,0.624220581006525,0.68927525173259,43.6940000000031
2,23,41,0.810958594936189,0.838688497681481,0.579360124451966,0.679607332002879,0.623396321622792,0.687884472806891,80.5089999999982
2,23,61,0.812353810168657,0.839714391234765,0.573698898502757,0.682855643306346,0.62346795141906,0.689406952892024,119.806999999997
2,23,81,0.812487176330584,0.840370963108868,0.585103719331614,0.682250187853563,0.62419067975781,0.688157886083208,157.632000000001
2,23,101,0.812405104846321,0.839345069555583,0.585041942633784,0.68142138190508,0.620999513771707,0.68607991099208,194.756000000001
2,23,121,0.812620542492511,0.839509212524108,0.579380716684576,0.680390680257131,0.621419555122699,0.685323704082815,233.332999999999
2,23,141,0.812702613976774,0.839673355492634,0.585083127099004,0.681734721206781,0.620326161534905,0.684418906608758,271.121999999999
2,23,161,0.812784685461037,0.838934712134269,0.573719490735367,0.682451851907414,0.618229606314923,0.683561197339875,306.942000000003
2,23,181,0.812989864171693,0.83926299807132,0.573698898502757,0.682362094747028,0.619115413583875,0.68356897079051,349.167999999998
4,1,1,0.711149475826588,0.736017070868727,0.57725971672576,0.650128739808144,0.610682205027397,0.680579998571616,30.7380000000012
4,1,21,0.824685006308715,0.835241495342443,0.562294077673901,0.676784498540191,0.624964345861268,0.685872768142263,226.888000000003
4,1,41,0.826757302031841,0.8389757478764,0.573698898502757,0.683011618020352,0.624951829593564,0.686985155967499,426.494000000002
4,1,61,0.827075354294967,0.840206820140342,0.585021350401174,0.683773279832756,0.624445207821946,0.687555750373402,622.859999999997
4,1,81,0.827516481787289,0.839714391234765,0.585021350401174,0.682742578184807,0.624724423937057,0.685488289050241,823.143
4,1,101,0.82727027070126,0.839098855102795,0.602087397179239,0.680995209127455,0.621183629217902,0.684134979564473,1015.35
4,1,121,0.827608819784572,0.839304033813452,0.590723760815602,0.68195853499371,0.621697554059483,0.683968101781077,1223.746
4,1,141,0.827003553531551,0.839509212524108,0.590703168582992,0.68137592421085,0.620394139796192,0.683639379347589,1415.6
4,1,161,0.827301042456476,0.839878534203291,0.596364394532201,0.681241404293077,0.621419555122699,0.684006969034253,1610.875
4,1,181,0.827588290125429,0.839304033813452,0.590723760815602,0.680883070588375,0.620392922617865,0.683631605896954,1815.216
4,3,1,0.715982845379156,0.727933029668842,0.552436325715974,0.635669913853719,0.600623024372549,0.670005518416403,30.5380000000005
4,3,21,0.824166676366514,0.832081743198326,0.544327819546418,0.674265081789701,0.619251340527229,0.684867039437044,228.623
4,3,41,0.826587861774322,0.835692888505889,0.544410232600646,0.679315967885632,0.619340197494886,0.682827968089705,424.700000000001
4,3,61,0.826936669371442,0.836472567606385,0.549360727650151,0.676973596647213,0.618445990879726,0.682003862591731,619.632999999998
4,3,81,0.82739833494243,0.83630842463786,0.544410232600646,0.675806102771961,0.617858422928013,0.680369934732211,815.740999999998
4,3,101,0.827449634251098,0.838319176002298,0.55435242922677,0.678402704587745,0.620582637365485,0.682239961487988,1020.275
4,3,121,0.827747151801557,0.838237104518035,0.554331825963213,0.680034068509482,0.619830973581805,0.682587447865803,1208.074
4,3,141,0.827808702467752,0.837826747096721,0.554393635753884,0.678874248302894,0.620230625587599,0.682352338147934,1405.656
4,3,161,0.82808570972515,0.838729533423612,0.554373032490327,0.680116447599547,0.621428448048247,0.683787141400353,1603.763
4,3,181,0.827798449847223,0.838483318970824,0.55435242922677,0.680228650822024,0.619783333353897,0.682292208091959,1806.625
4,5,1,0.714565483706484,0.732887393302692,0.551687822887285,0.643036700808973,0.598858577145072,0.672967476896378,30.4530000000013
4,5,21,0.823153999098078,0.835398883782009,0.55840764744346,0.674538386740181,0.621454650813154,0.68985291324627,227.167000000001
4,5,41,0.825739437785236,0.837163493105712,0.547728153229355,0.67970757113607,0.61818856380657,0.685751657039959,426.430999999997
4,5,61,0.826478149350039,0.837573867367039,0.56372679637963,0.675437707752817,0.619659678893471,0.68332648089833,621.779000000002
4,5,81,0.826744890935451,0.836835193696651,0.547789947742002,0.673671306533694,0.618361654575031,0.679568226993907,824.165999999997
4,5,101,0.826734623999876,0.837655942219304,0.558428245614343,0.674758074093702,0.617969916248724,0.678555658922088,1014.87
4,5,121,0.827083458543089,0.838312541037426,0.558428245614343,0.676636890439404,0.617274127028975,0.679854136519833,1214.575
4,5,141,0.827103993255756,0.838640840446487,0.563747394550513,0.67680429340667,0.618351141469788,0.681266744589643,1408.808
4,5,161,0.827052684683561,0.839051214707814,0.558428245614343,0.677096572735776,0.62024439215009,0.682077765448235,1613.41
4,5,181,0.827175795698993,0.838517728168089,0.558428245614343,0.675999783385714,0.618478597226355,0.681912040171443,1805.894
4,7,1,0.717772775213328,0.72839202166954,0.561829677469405,0.62835152292165,0.600622316315435,0.663996463969933,29.9959999999992
4,7,21,0.822293376292905,0.834564557169827,0.548875361222629,0.670261448392591,0.617394218699425,0.680875317239363,228.584000000003
4,7,41,0.824786615090406,0.836493474513667,0.568524417680029,0.667340472970628,0.615150807655007,0.676482916828696,426.955999999998
4,7,61,0.825771590791909,0.837396371993762,0.558699889451329,0.667190924120048,0.616914790232282,0.67550595430788,626.383000000002
4,7,81,0.826120431650611,0.837888861528359,0.558720496111402,0.667260564876745,0.616630852669198,0.674117269282382,821.808000000005
4,7,101,0.826110177346945,0.83780677993926,0.558741102771475,0.66856786260479,0.61512537499275,0.675274230331361,1021.04199999999
4,7,121,0.826007572412946,0.837847820733809,0.568545024340102,0.669588757390433,0.615101934928993,0.675143886222914,1219.707
4,7,141,0.825976800660287,0.837273249610112,0.568545024340102,0.669855183309364,0.611807042013013,0.673828029020138,1420.813
4,7,161,0.825976790133102,0.838011983912008,0.568545024340102,0.671120099568897,0.613712329172329,0.674388302588947,1615.79599999999
4,7,181,0.825915231046901,0.838627595830255,0.573446985124416,0.671097695123855,0.615689264921918,0.675983054964296,1812.21
4,9,1,0.713860600728158,0.727395854709624,0.558854784487391,0.633875320610557,0.599792528491816,0.660866143514847,29.9749999999985
4,9,21,0.822627667836057,0.836938231069157,0.572861873658476,0.673777264044131,0.621921433095787,0.689494966669745,230.176999999996
4,9,41,0.823941078964178,0.838415760311923,0.566743722146277,0.674780007798019,0.619397876464074,0.689027076262176,431.073000000004
4,9,61,0.824556747313436,0.839359737328135,0.572903054731655,0.674974420811321,0.618776475805797,0.686654264514861,626.482000000004
4,9,81,0.82452597008715,0.840221629386415,0.572985416878013,0.677137021036249,0.618893582794742,0.687089589372084,839.455999999998
4,9,101,0.82442336052042,0.840632054176072,0.572944235804834,0.678364211528926,0.618536928549723,0.686745864235422,1034.83199999999
2,1,1,0.779772517675991,0.780104926633331,0.596801177712987,0.695101311858834,0.627693549510266,0.759542175460103,9.576
2,1,21,0.842278922020699,0.843798672022297,0.621784533621066,0.755130707420203,0.659518424016149,0.78878101517226,32.732
2,1,41,0.84521979711036,0.846995655381589,0.604383805107249,0.762733595948712,0.665306071614836,0.791754232869515,60.616
2,1,61,0.846019059329849,0.848266251332076,0.598631549545827,0.765945378948216,0.665513076273694,0.792778907692798,88.169
2,1,81,0.846900297161594,0.849208951553406,0.604507200961149,0.767087726924591,0.66701827305999,0.793325827469273,113.706
2,1,101,0.847576595962701,0.849905729977867,0.604486634985499,0.768273656953453,0.66732162746395,0.794401338518118,140.628
2,1,121,0.847443385592786,0.849372899417985,0.604466069009849,0.767870863370276,0.666569939049185,0.793811363672547,164.437
2,1,141,0.847812275847935,0.849741782113288,0.604466069009849,0.767770494821694,0.667464787114027,0.794582723046552,192.699
2,1,161,0.848078696587765,0.849987703910157,0.604486634985499,0.769001326291892,0.667746556522266,0.795318808507928,221.496
2,1,181,0.847771288041808,0.849208951553406,0.604466069009849,0.768821720526547,0.665346511671128,0.794616613863593,245.761
2,3,1,0.720129503003404,0.733942697872689,0.556282841336295,0.628061949525988,0.582905777728085,0.680107084870328,5.96800000000007
2,3,21,0.805365416218737,0.813706603270894,0.558400440020506,0.656345070059413,0.587899770010835,0.680456351602228,33.617
2,3,41,0.809874162676392,0.817600524654671,0.545351749401914,0.665427128683416,0.582574738649032,0.676701573365288,63.3440000000001
2,3,61,0.810765665520412,0.819895888838792,0.551865815105947,0.66317526067644,0.584627204428219,0.678068929797387,88.758
2,3,81,0.811216546088421,0.821084559576997,0.558359321599453,0.668792130021307,0.58312455478454,0.67776402269532,118.518
2,3,101,0.811329266755445,0.820346763946387,0.551865815105947,0.665629085419795,0.583799481455626,0.676853468901939,145.81
2,3,121,0.811595692115465,0.820633684469402,0.558359321599453,0.663793141131208,0.583693381395071,0.675099006330216,173.208
2,3,141,0.812384725444166,0.821207525515432,0.558379880809979,0.665234020484896,0.584480812808989,0.67587950758237,202.797
2,3,161,0.812056809554592,0.820551707177112,0.558359321599453,0.664661019304878,0.581337491835596,0.675139826841803,228.771
2,3,181,0.812015823428533,0.822232241669058,0.577860400290499,0.668579743893183,0.590686769852518,0.684361537337466,311.054
2,5,1,0.6991310050828,0.712083948188228,0.5275800367072,0.58719760318383,0.566594199545519,0.631295046501052,4.76800000000003
2,5,21,0.79567347106083,0.814477783243155,0.524406897854227,0.630684612976792,0.584998028362094,0.653574539476157,39.9459999999999
2,5,41,0.799967207738974,0.816650270536153,0.524448060281164,0.622725036891294,0.570681343907041,0.636057031341103,63.0999999999999
2,5,61,0.801391621577308,0.817961960977209,0.519566680710318,0.620399767473058,0.571566547037865,0.632707778165872,90.8629999999998
2,5,81,0.802303656337104,0.818494835218888,0.539153942634105,0.626548316415508,0.579058929981557,0.643424303989738,144.177
2,5,101,0.80278529267093,0.81824889326119,0.539133361420636,0.626816616732996,0.576741365598872,0.6416576925538,177.192
2,5,121,0.802826282997213,0.818043941629775,0.514664719926004,0.618946474086661,0.569637526256725,0.629703399252132,179.409
2,5,141,0.803010739465486,0.817879980324643,0.514664719926004,0.618163931493986,0.568962866342018,0.630248523578859,203.901
2,5,161,0.803594851615019,0.818986719134284,0.539133361420636,0.627263783928811,0.57624559591262,0.642299595478021,276.246
2,5,181,0.803676832267585,0.818740777176586,0.539133361420636,0.627643876045253,0.575199108733225,0.64224785974415,315.172
2,7,1,0.695248828739198,0.709407665505226,0.541405946499381,0.556287917635072,0.536870605547426,0.575599186011685,5.13699999999972
2,7,21,0.796060582720681,0.810125025620004,0.521381929714179,0.617504804102855,0.568016113380301,0.625382466323886,41.2980000000007
2,7,41,0.799555216395835,0.814593154334905,0.526758273800201,0.620658086246688,0.567965571912606,0.623386263687822,76.0429999999997
2,7,61,0.800385330575058,0.816109858577577,0.532134617886222,0.6202838582884,0.567001199232612,0.624071583078116,111.983
2,7,81,0.800426317960479,0.816724738675958,0.526758273800201,0.618384045568867,0.566686662255927,0.622532482928387,145.746
2,7,101,0.80087724179552,0.817134658741545,0.526758273800201,0.61799372377352,0.566228458368662,0.621216022296737,182.434
2,7,121,0.801235928574562,0.816314818610371,0.521381929714179,0.615144004694221,0.566639985631581,0.619101499041247,217.549
2,7,141,0.801389652800191,0.817134658741545,0.521402504152497,0.615144004694221,0.567546542768796,0.620395300592933,252.629
2,7,161,0.801266674679998,0.817257634761222,0.521402504152497,0.614552232455683,0.567186617448882,0.619359492397704,286.026
2,7,181,0.801553616625393,0.817052674728428,0.521402504152497,0.61223028023995,0.567349985634094,0.61887743604866,326.339999999999
2,9,1,0.682426217388721,0.705981224121674,0.540335570179049,0.593759352623629,0.568773841890053,0.627075523400612,5.3159999999998
2,9,21,0.795830736077711,0.813840036075923,0.520805697674922,0.614769617346582,0.581657144131656,0.631968708045258,41.223
2,9,41,0.799653592337379,0.816135776657238,0.531393746940402,0.614561849249692,0.575948140387473,0.625246012880714,78.509
2,9,61,0.800463264501967,0.81793957282827,0.531414324765738,0.614276954785746,0.576429377813643,0.62534534630701,113.502
2,9,81,0.80085272196434,0.818349526503505,0.531476058241744,0.612124441901852,0.576369108439262,0.624548905447388,149.971
2,9,101,0.801488160455497,0.818103554298364,0.531455480416409,0.613367521397404,0.57555268388739,0.623709653522739,187.098
2,9,121,0.802031344874003,0.817980568195794,0.531455480416409,0.610926115147404,0.575935286580758,0.623351087418279,218.182000000001
2,9,141,0.802338817693633,0.81888246628131,0.531455480416409,0.61325763899572,0.576766007953644,0.62380583020936,259.066
2,9,161,0.802420798554903,0.819005452383881,0.531455480416409,0.613701167504615,0.575734935024831,0.624573368913117,291.902
2,9,181,0.802236321291629,0.819497396794162,0.531455480416409,0.61545490462072,0.577531213340379,0.624931935017576,330.87
2,11,1,0.690648096612572,0.714525849698659,0.537453568809706,0.598939828547215,0.586044451288792,0.647225626711627,6.23700000000008
2,11,21,0.800403854710926,0.817965643065065,0.5616948806174,0.622218100346462,0.595830226259165,0.647120227587151,41.5219999999999
2,11,41,0.803007327375557,0.820835554097823,0.550479499999538,0.620821523900585,0.593682842702069,0.643734970980952,78.8939999999993
2,11,61,0.803417316767157,0.820753556639744,0.556035754212674,0.617376890436231,0.592431977037213,0.639901165046078,113.402
2,11,81,0.803981067782061,0.819974580787996,0.55607690308931,0.617242433641681,0.589432609681055,0.637445407310401,148.352
2,11,101,0.804063069862792,0.820712557910705,0.55607690308931,0.620419759582542,0.589899048925934,0.637454373313093,187.751999999999
2,11,121,0.804063068181828,0.821204542659178,0.550438351122902,0.619787896724075,0.591992861711939,0.638487252836113,222.799
2,11,141,0.804257812985247,0.820794555368784,0.54484094803313,0.61849575765854,0.592084084034535,0.638616988253609,256.951999999999
2,11,161,0.804483310617617,0.820097576975114,0.53922297050504,0.615917483410312,0.591177238510395,0.636447599361003,292.834000000001
2,11,181,0.804339814645738,0.820753556639744,0.53922297050504,0.617713032422606,0.591433909190477,0.637324637895596,332.148999999999
2,13,1,0.689868026148185,0.711497457766115,0.591648816050306,0.613104758249023,0.581711625199683,0.640795288722118,5.97900000000118
2,13,21,0.803397141650113,0.823314744956536,0.564458999252089,0.63891747473732,0.59793432693747,0.65555451323744,42.0640000000003
2,13,41,0.805426844774911,0.826390027882565,0.546914808387248,0.64222363374369,0.59789370362776,0.651703668959767,78.7510000000002
2,13,61,0.806185418346597,0.827005084467771,0.558720661453076,0.641561944975034,0.597592111207821,0.650450020846362,114.205
2,13,81,0.80683122292757,0.827169099557159,0.546955955570724,0.641411907351387,0.596821717512743,0.648891755263706,150.547
2,13,101,0.806995236335718,0.826964080695424,0.558741235044814,0.636814815491804,0.597453556431214,0.648260892224307,187.545
2,13,121,0.807190006145921,0.826800065606036,0.564623587985991,0.637920981200362,0.594323537318936,0.646362049197415,227.255000000001
2,13,141,0.807374513033704,0.826513039199606,0.558761808636552,0.637038729508821,0.594393336108723,0.645514644569523,258.439
2,13,161,0.80730275832354,0.826595046744301,0.552858882103638,0.637416032243618,0.593808898719249,0.645741088180113,294.648999999999
2,13,181,0.807764054755748,0.826554042971953,0.552879455695375,0.637924332294494,0.592594708017239,0.644551282051282,328.563
2,15,1,0.692772196022145,0.72187820381382,0.537905855867522,0.616619399095631,0.590324612606826,0.655055075931598,6.03000000000065
2,15,21,0.801558335042034,0.823087963912241,0.539037729426955,0.634246009220009,0.60395075836059,0.660922677263559,42.7079999999987
2,15,41,0.804285421365594,0.824769325404962,0.527863512928563,0.635166137674427,0.599019847218858,0.653450157288612,79.0619999999999
2,15,61,0.804972319048595,0.827803977855239,0.527904671967088,0.637187713620192,0.602266554476921,0.654500736097653,117.428
2,15,81,0.805648964527373,0.826450686897683,0.516668716910908,0.631839270648628,0.59999891384201,0.651395502373089,153.464
2,15,101,0.805761738773836,0.826409678080787,0.516627557872383,0.63201946706272,0.600038414105165,0.649860582956358,186.83
2,15,121,0.805946278449867,0.827434898503178,0.511009580344293,0.635790068788148,0.600472258000506,0.65160412908774,223.087000000001
2,15,141,0.805966782858315,0.827762969038343,0.511050739382818,0.63682056445641,0.601216268283818,0.651700061551285,260.455
2,15,161,0.805577199097806,0.827968013122821,0.511050739382818,0.635561445102734,0.603143309463688,0.652153645529682,292.392
2,15,181,0.805669468935821,0.827598933770761,0.511091898421343,0.63466947491284,0.600698247144262,0.650138128137231,328.657999999999
2,17,1,0.689723663645603,0.726724632925929,0.541980598304666,0.618000118848911,0.599863674959261,0.656363508777529,6.14400000000023
2,17,21,0.802719255431702,0.827864818308588,0.543544255616822,0.641555715047594,0.612821461929577,0.664832081553538,43.8690000000006
2,17,41,0.804934058267865,0.830653760971208,0.537314830055139,0.644931153061171,0.606750466027765,0.660893191987707,80.889000000001
2,17,61,0.80572358563835,0.830407677795095,0.531147127808411,0.641142752693362,0.603930448561655,0.658409064278284,117.312
2,17,81,0.806051709156379,0.831884176851776,0.531126553370093,0.644676261907323,0.605228680180023,0.659070997342839,154.454
2,17,101,0.806267029832721,0.831761135263719,0.537335404493457,0.642280478486144,0.605272405491069,0.658285270404744,191.694
2,17,121,0.806400326568655,0.831884176851776,0.531105978931775,0.639540097698963,0.606772905657792,0.658080263559564,231.984
2,17,141,0.80597992648565,0.831433024362234,0.531105978931775,0.639540097698963,0.60484238795276,0.656751269992776,265.213
2,17,161,0.806379819637312,0.831186941186121,0.531085404493457,0.638709229907415,0.605132107123207,0.657466230232066,303.477999999999
2,17,181,0.806584896941218,0.83184316298909,0.531105978931775,0.638207646670141,0.607823046036468,0.658970070431048,343.273999999999
2,19,1,0.683861336633221,0.7272130609566,0.55616357572021,0.628756657314521,0.590823717095456,0.659724611024702,6.15500000000065
2,19,21,0.804063130897741,0.836656001312659,0.552160918131723,0.658716111514536,0.621001653148413,0.677026913319584,43.8320000000003
2,19,41,0.806155194779074,0.838912133891213,0.557995454528048,0.655147282669007,0.620245107430843,0.672295910600797,81.8430000000008
2,19,61,0.806185967374902,0.838953154483551,0.552160918131723,0.656330421757571,0.616401148145541,0.671941080763435,119.632
2,19,81,0.806596176874063,0.840101731068997,0.552160918131723,0.659277970129997,0.618165547604768,0.672945119157586,155.671
2,19,101,0.806975619666929,0.841086225285093,0.557974871620095,0.660372185276956,0.618547777057084,0.674406757378558,193.576000000001
2,19,121,0.807078171147772,0.841045204692756,0.563788825108467,0.660751447536677,0.618464543839507,0.675772853796886,231.858
2,19,141,0.807098678499174,0.840881122323406,0.56380940801642,0.660974647729289,0.617222012633564,0.674853514925156,269.436
2,19,161,0.807375574859367,0.840388875215358,0.563829990924374,0.658563610801825,0.617590828268786,0.673155323479276,304.861000000001
2,19,181,0.807457616885404,0.840799081138732,0.563829990924374,0.658965252436714,0.618571050190579,0.674129924001485,347.218000000001
2,21,1,0.687929502748662,0.720193648970214,0.602804675374621,0.625119454056408,0.592300533631917,0.647180332580112,6.03000000000065
2,21,21,0.806131657829686,0.830393041765816,0.566378232862225,0.658613278094082,0.617994045876242,0.677615211374824,43.2110000000011
2,21,41,0.808121518402803,0.832075162057931,0.585528863982859,0.657841032744367,0.613469359043073,0.67158305405936,80.9119999999984
2,21,61,0.808603607136887,0.83326495445967,0.580787561635557,0.659501307323737,0.610452986561488,0.671831638776955,118.958999999999
2,21,81,0.80844974162549,0.834659883482399,0.566522449764446,0.65958038414676,0.615139310392806,0.672431361621046,155.545
2,21,101,0.808911311647544,0.83502912940018,0.595052673506668,0.65928911978912,0.613832075634748,0.671679012505933,193.189999999999
2,21,121,0.808993370504216,0.834823992779191,0.580746356806351,0.659491357890778,0.613381381868223,0.670274669363832,232.23
2,21,141,0.808993372187526,0.834988102075983,0.580766959220954,0.661621806684508,0.612883869430412,0.671436010825229,268.800999999999
2,21,161,0.808983117881442,0.834823992779191,0.580766959220954,0.659244177988751,0.613073116245326,0.671185227786858,306.053
2,21,181,0.808890801772894,0.83502912940018,0.580766959220954,0.659266648888935,0.613617447354423,0.671428229467562,342.666999999998
2,23,1,0.696694570971316,0.728671673027207,0.566575624038249,0.632699580346392,0.604151744749345,0.662014454233674,6.18900000000212
2,23,21,0.810045549673766,0.83515942385818,0.590703168582992,0.67523972011915,0.624220581006525,0.68927525173259,45.1499999999978
2,23,41,0.810958594936189,0.838688497681481,0.579360124451966,0.679607332002879,0.623396321622792,0.687884472806891,85.5289999999986
2,23,61,0.812353810168657,0.839714391234765,0.573698898502757,0.682855643306346,0.62346795141906,0.689406952892024,120.572
2,23,81,0.812487176330584,0.840370963108868,0.585103719331614,0.682250187853563,0.62419067975781,0.688157886083208,156.857
2,23,101,0.812405104846321,0.839345069555583,0.585041942633784,0.68142138190508,0.620999513771707,0.68607991099208,195.692999999999
2,23,121,0.812620542492511,0.839509212524108,0.579380716684576,0.680390680257131,0.621419555122699,0.685323704082815,230.156999999999
2,23,141,0.812702613976774,0.839673355492634,0.585083127099004,0.681734721206781,0.620326161534905,0.684418906608758,266.234999999997
2,23,161,0.812784685461037,0.838934712134269,0.573719490735367,0.682451851907414,0.618229606314923,0.683561197339875,307.814999999999
2,23,181,0.812989864171693,0.83926299807132,0.573698898502757,0.682362094747028,0.619115413583875,0.68356897079051,346.817999999999
4,1,1,0.711149475826588,0.736017070868727,0.57725971672576,0.650128739808144,0.610682205027397,0.680579998571616,10.5610000000015
4,1,21,0.824685006308715,0.835241495342443,0.562294077673901,0.676784498540191,0.624964345861268,0.685872768142263,89.3970000000008
4,1,41,0.826757302031841,0.8389757478764,0.573698898502757,0.683011618020352,0.624951829593564,0.686985155967499,168.433000000001
4,1,61,0.827075354294967,0.840206820140342,0.585021350401174,0.683773279832756,0.624445207821946,0.687555750373402,247.888999999999
4,1,81,0.827516481787289,0.839714391234765,0.585021350401174,0.682742578184807,0.624724423937057,0.685488289050241,323.147000000001
4,1,101,0.82727027070126,0.839098855102795,0.602087397179239,0.680995209127455,0.621183629217902,0.684134979564473,408.822
4,1,121,0.827608819784572,0.839304033813452,0.590723760815602,0.68195853499371,0.621697554059483,0.683968101781077,484.671999999999
4,1,141,0.827003553531551,0.839509212524108,0.590703168582992,0.68137592421085,0.620394139796192,0.683639379347589,567.012000000002
4,1,161,0.827301042456476,0.839878534203291,0.596364394532201,0.681241404293077,0.621419555122699,0.684006969034253,643.795000000002
4,1,181,0.827588290125429,0.839304033813452,0.590723760815602,0.680883070588375,0.620392922617865,0.683631605896954,727.073
4,3,1,0.715982845379156,0.727933029668842,0.552436325715974,0.635669913853719,0.600623024372549,0.670005518416403,10.6059999999998
4,3,21,0.824166676366514,0.832081743198326,0.544327819546418,0.674265081789701,0.619251340527229,0.684867039437044,89.5509999999995
4,3,41,0.826587861774322,0.835692888505889,0.544410232600646,0.679315967885632,0.619340197494886,0.682827968089705,168.749
4,3,61,0.826936669371442,0.836472567606385,0.549360727650151,0.676973596647213,0.618445990879726,0.682003862591731,247.589
4,3,81,0.82739833494243,0.83630842463786,0.544410232600646,0.675806102771961,0.617858422928013,0.680369934732211,330.746000000003
4,3,101,0.827449634251098,0.838319176002298,0.55435242922677,0.678402704587745,0.620582637365485,0.682239961487988,406.891
4,3,121,0.827747151801557,0.838237104518035,0.554331825963213,0.680034068509482,0.619830973581805,0.682587447865803,483.059000000001
4,3,141,0.827808702467752,0.837826747096721,0.554393635753884,0.678874248302894,0.620230625587599,0.682352338147934,564.661
4,3,161,0.82808570972515,0.838729533423612,0.554373032490327,0.680116447599547,0.621428448048247,0.683787141400353,656.653000000002
4,3,181,0.827798449847223,0.838483318970824,0.55435242922677,0.680228650822024,0.619783333353897,0.682292208091959,722.151999999998
4,5,1,0.714565483706484,0.732887393302692,0.551687822887285,0.643036700808973,0.598858577145072,0.672967476896378,10.4339999999975
4,5,21,0.823153999098078,0.835398883782009,0.55840764744346,0.674538386740181,0.621454650813154,0.68985291324627,90.2289999999994
4,5,41,0.825739437785236,0.837163493105712,0.547728153229355,0.67970757113607,0.61818856380657,0.685751657039959,167.280999999999
4,5,61,0.826478149350039,0.837573867367039,0.56372679637963,0.675437707752817,0.619659678893471,0.68332648089833,250.038
4,5,81,0.826744890935451,0.836835193696651,0.547789947742002,0.673671306533694,0.618361654575031,0.679568226993907,326.665999999997
4,5,101,0.826734623999876,0.837655942219304,0.558428245614343,0.674758074093702,0.617969916248724,0.678555658922088,406.385000000002
4,5,121,0.827083458543089,0.838312541037426,0.558428245614343,0.676636890439404,0.617274127028975,0.679854136519833,489.001999999997
4,5,141,0.827103993255756,0.838640840446487,0.563747394550513,0.67680429340667,0.618351141469788,0.681266744589643,567.411
4,5,161,0.827052684683561,0.839051214707814,0.558428245614343,0.677096572735776,0.62024439215009,0.682077765448235,640.089
4,5,181,0.827175795698993,0.838517728168089,0.558428245614343,0.675999783385714,0.618478597226355,0.681912040171443,723.984999999997
4,7,1,0.717772775213328,0.72839202166954,0.561829677469405,0.62835152292165,0.600622316315435,0.663996463969933,10.3349999999991
4,7,21,0.822293376292905,0.834564557169827,0.548875361222629,0.670261448392591,0.617394218699425,0.680875317239363,90.6309999999976
4,7,41,0.824786615090406,0.836493474513667,0.568524417680029,0.667340472970628,0.615150807655007,0.676482916828696,170.386999999999
4,7,61,0.825771590791909,0.837396371993762,0.558699889451329,0.667190924120048,0.616914790232282,0.67550595430788,251.889999999999
4,7,81,0.826120431650611,0.837888861528359,0.558720496111402,0.667260564876745,0.616630852669198,0.674117269282382,331.572
4,7,101,0.826110177346945,0.83780677993926,0.558741102771475,0.66856786260479,0.61512537499275,0.675274230331361,406.671999999999
4,7,121,0.826007572412946,0.837847820733809,0.568545024340102,0.669588757390433,0.615101934928993,0.675143886222914,489.27
4,7,141,0.825976800660287,0.837273249610112,0.568545024340102,0.669855183309364,0.611807042013013,0.673828029020138,567.120999999996
4,7,161,0.825976790133102,0.838011983912008,0.568545024340102,0.671120099568897,0.613712329172329,0.674388302588947,654.883000000002
4,7,181,0.825915231046901,0.838627595830255,0.573446985124416,0.671097695123855,0.615689264921918,0.675983054964296,731.031000000003
4,9,1,0.713860600728158,0.727395854709624,0.558854784487391,0.633875320610557,0.599792528491816,0.660866143514847,10.2090000000026
4,9,21,0.822627667836057,0.836938231069157,0.572861873658476,0.673777264044131,0.621921433095787,0.689494966669745,89.5169999999998
4,9,41,0.823941078964178,0.838415760311923,0.566743722146277,0.674780007798019,0.619397876464074,0.689027076262176,169.846999999994
4,9,61,0.824556747313436,0.839359737328135,0.572903054731655,0.674974420811321,0.618776475805797,0.686654264514861,250.269
4,9,81,0.82452597008715,0.840221629386415,0.572985416878013,0.677137021036249,0.618893582794742,0.687089589372084,325.220000000001
4,9,101,0.82442336052042,0.840632054176072,0.572944235804834,0.678364211528926,0.618536928549723,0.686745864235422,411.646999999997
4,9,121,0.824679884437073,0.841042478965729,0.572923645268244,0.681192885399559,0.618180274304704,0.687446699608387,488.542000000001
4,9,141,0.824597788950055,0.841452903755387,0.572923645268244,0.679845882485879,0.619718664995542,0.688014779723481,576.126000000004
4,9,161,0.825151890633482,0.84132977631849,0.572923645268244,0.679105047007403,0.620122162036139,0.688129354769035,649.789999999994
4,9,181,0.825131371920865,0.841411861276421,0.572903054731655,0.679561529536589,0.621305676241353,0.6882360384866,723.720999999998
4,11,1,0.71232887012399,0.722231343896232,0.566649678774401,0.622389800836063,0.59431919322658,0.654723141658828,10.6630000000005
4,11,21,0.822151308760078,0.83174616205566,0.562294086154353,0.66030217402881,0.620508141312639,0.681632955206381,88.1299999999974
4,11,41,0.824449941131528,0.835071012232165,0.562314677538918,0.664649732406742,0.61877049256711,0.680804510219977,169.376000000004
4,11,61,0.825219593330567,0.835481487562597,0.562314677538918,0.665031651889129,0.618014781910609,0.677789586736011,249.877
4,11,81,0.825937940323028,0.835933010426073,0.562376451692612,0.665076583592939,0.619009805898449,0.679033494603666,329.415999999997
4,11,101,0.825691632800795,0.837164436417371,0.562376451692612,0.666783433625334,0.62140145217788,0.680814234464562,408.811999999998
4,11,121,0.825609546579344,0.83778014941302,0.562376451692612,0.666488326632408,0.622240734142716,0.680421376971925,492.196000000004
4,11,141,0.826173947211549,0.837369674082588,0.549876451692612,0.664929030096476,0.621568099116563,0.680188954600455,569.884999999995
4,11,161,0.82619446845072,0.837164436417371,0.549876451692612,0.663459596968164,0.620805845510654,0.679233080249428,644.347000000002
4,11,181,0.826543385539476,0.837287579016501,0.543605860308047,0.664556818080961,0.621012939772944,0.680388624761636,727.635999999999
4,13,1,0.716545010034291,0.742610837438424,0.554350130127065,0.6393259996922,0.617006898717853,0.677705776344253,10.2790000000023
4,13,21,0.826687988565405,0.838546798029557,0.550752499499511,0.680493480064393,0.627119683933273,0.69387707748953,88.890999999996
4,13,41,0.828566129737234,0.839080459770115,0.545732892118186,0.675848070371575,0.625714210355276,0.688562917508775,168.877
4,13,61,0.829315320094581,0.839121510673235,0.535570027203034,0.673963952475498,0.623377687212117,0.68762337179556,247.627
4,13,81,0.829684788755447,0.839778325123153,0.535549418844283,0.67515057484662,0.624026121416511,0.687567938457428,325.455000000002
4,13,101,0.829284538236913,0.839901477832512,0.550855541293263,0.674116182367214,0.622697324171907,0.686122369587606,405.540000000001
4,13,121,0.829859276159279,0.839285714285714,0.550834932934513,0.673504779162173,0.619365893791952,0.686085414028852,482.791000000005
4,13,141,0.829459014265336,0.839080459770115,0.555936973750839,0.673459859568246,0.619282925946261,0.683977466136472,556.135999999999
4,13,161,0.829900323270596,0.838259441707718,0.55597819046834,0.672074845892392,0.616912455342241,0.682404915427839,649.396999999997
4,13,181,0.830105589582916,0.838054187192118,0.566182272100993,0.670316751223128,0.617052753710103,0.68172832544137,725.478999999999
4,15,1,0.718963286053981,0.747136346840744,0.597387476563423,0.651302914498537,0.624838455773333,0.692779580645221,10.351999999999
4,15,21,0.825712090379236,0.840908157819107,0.553868456429704,0.684231680515013,0.635200262801221,0.70148572260909,88.5939999999973
4,15,41,0.828216570899883,0.843289403456912,0.562856843480452,0.68307168889244,0.634622388192159,0.699744605659367,167.800000000003
4,15,61,0.828883753837315,0.842180892556555,0.558331717017686,0.679989237043061,0.630256291594125,0.695904504028124,248.220000000001
4,15,81,0.828924815274985,0.843125179619822,0.567340726026695,0.684180725232403,0.629264119409143,0.697441830793667,327.837
4,15,101,0.829458554123739,0.842755675986369,0.567361347984956,0.683255173609642,0.626833301040751,0.696356405598971,406.218000000001
4,15,121,0.829961510274175,0.843207291538367,0.553827212513181,0.684800479874067,0.628697163874868,0.696855143370882,479.606
4,15,141,0.829838331860976,0.843864186886727,0.56283622152219,0.683236828402194,0.630347872429894,0.697456845485776,568.449000000001
4,15,161,0.829643319425754,0.844069466683089,0.56283622152219,0.683699604213574,0.631032033777577,0.697911608432251,636.978999999999
4,15,181,0.829643319425754,0.844685306072176,0.558372960934208,0.686233658402575,0.631288794659597,0.698164373319281,723.237000000001
4,17,1,0.722272240700687,0.739580339177925,0.56547870429026,0.646067962574788,0.608818147068962,0.676175139085658,10.3729999999996
4,17,21,0.827146567813938,0.844167043074775,0.561468046247828,0.688840608100565,0.636992863880741,0.707577368539687,87.9289999999964
4,17,41,0.82942552927067,0.845604237670924,0.561509259567973,0.692748030540319,0.631069131135613,0.703991498579965,164.57
4,17,61,0.829928550752132,0.847534184700037,0.567168450416208,0.693483795583806,0.63626841862752,0.70604221780079,246.678999999996
4,17,81,0.830626624708526,0.847903749024761,0.567168450416208,0.695116744676433,0.63374731256215,0.704536515057739,319.811999999998
4,17,101,0.830924338999074,0.848437564160473,0.567168450416208,0.696045382173082,0.635527163582611,0.704536515057739,396.438000000002
4,17,121,0.830914069529577,0.848232250646738,0.567147843756136,0.694834141863004,0.634375093628647,0.704887869569046,477.118000000002
4,17,141,0.83087300556203,0.847369933889049,0.567168450416208,0.69472197891267,0.630299507596102,0.702744875220847,552.712999999996
4,17,161,0.83111938051406,0.847534184700037,0.567147843756136,0.694547028620855,0.632252983580334,0.703051387311439,637.247000000003
4,17,181,0.830893537756408,0.848026937133002,0.567189057076281,0.695385935757236,0.632580269909117,0.702406086135845,715.729999999996
4,19,1,0.722863403036713,0.739137577002053,0.547346549950353,0.643906321582013,0.608947531632313,0.682807262978419,10.2339999999967
4,19,21,0.82695390247849,0.842381930184805,0.56499066197794,0.686738714191653,0.641527253506269,0.712900744154578,88.5369999999966
4,19,41,0.829818498616874,0.844476386036961,0.564970050220994,0.683734363189497,0.642928337010846,0.70963160218787,166.849999999999
4,19,61,0.831461277398824,0.845626283367557,0.581336233317919,0.685819144375654,0.641216230136057,0.706542979246393,247.690999999999
4,19,81,0.831296988219731,0.84694045174538,0.581356845074866,0.688683693697839,0.643415171403984,0.708231503901474,325.074000000001
4,19,101,0.831450990218324,0.846735112936345,0.57592206246617,0.68961100325289,0.643298414445269,0.709063335973807,406.671999999999
4,19,121,0.831676867124769,0.846652977412731,0.581336233317919,0.688101267760798,0.643114782534164,0.707210030885623,478.906999999999
4,19,141,0.831615262108694,0.846324435318275,0.570487279857474,0.688548692347826,0.640982350608001,0.704872041811398,561.172000000006
4,19,161,0.831769273384134,0.84652977412731,0.570487279857474,0.689231079340869,0.640501874660538,0.706139493465433,638.529999999999
4,19,181,0.831687130270579,0.846652977412731,0.581356845074866,0.690653393845969,0.639504123261267,0.705319167334328,718.225999999995
4,21,1,0.727089751489012,0.738180324501951,0.577029842647857,0.643639206911743,0.611253121696298,0.675559838203694,10.1790000000037
4,21,21,0.828209077839392,0.842513863216266,0.58402495930548,0.690794594244644,0.637258674419415,0.705732989361382,87.9779999999955
4,21,41,0.831104949681659,0.844362292051756,0.584004340748779,0.688110952765973,0.635502244964736,0.702605850180765,167.576999999997
4,21,61,0.831710823577737,0.846539330458,0.58402495930548,0.692047446721265,0.63826959196213,0.704255828050882,245.756000000001
4,21,81,0.832029164099404,0.845307044567673,0.573498643516007,0.688992284986098,0.635690533721501,0.701602314364798,328.097999999998
4,21,101,0.8318853974122,0.845882111316492,0.58402495930548,0.692199648301032,0.635667057338742,0.702186199144868,398.540000000001
4,21,121,0.83227562127747,0.846210720887246,0.58402495930548,0.690696642289008,0.63667558640799,0.701765321992479,484.089
4,21,141,0.832593961799137,0.845882111316492,0.589329354313619,0.68939939254768,0.636347155896711,0.701589911335159,565.521999999997
4,21,161,0.832542616553707,0.846539330458,0.584066196418882,0.690168862939535,0.637214826669405,0.701389694618562,643.328999999998
4,21,181,0.832368042719244,0.84703224481413,0.58402495930548,0.690942738311201,0.637848211309203,0.701571919848947,721.025000000001
4,23,1,0.719548659387564,0.746312805554414,0.580193221427959,0.650663279366902,0.618640879810221,0.692858278406676,10.2720000000045
4,23,21,0.826593779468654,0.849677498870219,0.606631086386858,0.70464102843447,0.643772516864557,0.71753275622588,87.9449999999997
4,23,41,0.828925336695745,0.851279733782507,0.606651715151607,0.707414742150606,0.64321660918451,0.714833335638679,165.540000000001
4,23,61,0.830209201561122,0.851402982621914,0.596963606052279,0.703907302856993,0.64243131642411,0.712412558855025,248.394
4,23,81,0.830568681140763,0.851854895033072,0.592067979590741,0.704922256301672,0.643633163793662,0.71246448532714,328.790999999997
4,23,101,0.830455728358221,0.852347890390699,0.587234239423452,0.706300379790181,0.643207967561063,0.710860628511154,405.248999999996
4,23,121,0.830599500946689,0.853374964052422,0.587213610658702,0.706118794768266,0.646911671264767,0.713226924894299,487.402999999998
4,23,141,0.830353003267875,0.853416046998891,0.596901719758031,0.707815307502611,0.645013027030715,0.71389501723871,567.182000000001
4,23,161,0.830650867289899,0.853662544677704,0.59692234852278,0.708765551580239,0.644428634291065,0.713683291466955,638.205999999998
4,23,181,0.830804928339157,0.853867959410049,0.592047350825992,0.707250623867809,0.646589213457867,0.713781658572995,718.449999999997
6,1,1,0.728022569511601,0.744176492338031,0.590335163351778,0.652518986724164,0.622142659417471,0.689708687077104,14.4719999999943
6,1,21,0.833115937512635,0.850375908960191,0.577463615265126,0.70939224882261,0.647490463098062,0.718468520697455,133.694000000003
6,1,41,0.83514956299367,0.853333881105953,0.587192981893953,0.707389889921669,0.648679092013517,0.716518014072636,253.983
6,1,61,0.835796633962051,0.854032291195925,0.577504872794625,0.709583915093825,0.649053431071119,0.716974380645293,372.732000000004
6,1,81,0.836453975245271,0.854689618339427,0.582379870491413,0.709738186056864,0.649325031703021,0.71458907281918,492.197
6,1,101,0.836546440357725,0.85345712994536,0.587254868188202,0.708136158578386,0.644494246033715,0.713657328230898,610.989999999998
6,1,121,0.836792938037761,0.853950125302987,0.587275496952951,0.709151112023065,0.644849765730866,0.712979730165002,744.188000000009
6,1,141,0.836423176327392,0.855264779589992,0.582421128020912,0.711322746796224,0.647225487448219,0.71592123762471,849.820000000007
6,1,161,0.836618326230258,0.854730701285896,0.582400499256163,0.708200867945437,0.646453925179769,0.714083711684204,971.673999999999
6,1,181,0.836926452126916,0.854032291195925,0.582400499256163,0.707907330928538,0.645523166404267,0.713378684427352,1100.14300000001
6,3,1,0.732053729134958,0.748644207066557,0.568401550214796,0.647498237960262,0.618405626790818,0.694409829243369,14.4820000000036
6,3,21,0.832455177227561,0.848274445357436,0.532442051099701,0.695669100946775,0.648622565595115,0.7188716048573,133.669000000009
6,3,41,0.834067750818291,0.849301561216105,0.541849744555486,0.690871953360678,0.647199923893312,0.716866354589397,253.135000000009
6,3,61,0.83476618854841,0.850369761709121,0.555847803123184,0.691737199070069,0.649594713566781,0.716905273832789,375.168999999994
6,3,81,0.834848365623699,0.850369761709121,0.55125743801127,0.690939257170074,0.649374046494945,0.716475668778079,492.904999999999
6,3,101,0.83522842043557,0.850082169268694,0.546584540815008,0.69286519080854,0.647052470343628,0.715037414284709,614.938999999998
6,3,121,0.835177044176593,0.850739523418242,0.546563907793921,0.694746255240742,0.648112076573637,0.71684657495826,742.428
6,3,141,0.835207875375409,0.850862777321282,0.551216171969096,0.695057105080337,0.647211104905755,0.715980913864877,855.678
6,3,161,0.835259236443485,0.851027115858669,0.546543274772834,0.694816793654388,0.647431771977591,0.715915764006386,981.327000000005
6,3,181,0.835197599997249,0.851232539030403,0.551195538948009,0.696012089202255,0.647558884928368,0.717399602066737,1093.64
6,5,1,0.731641985095318,0.750975800156128,0.547615346547217,0.65772152973764,0.615797287840236,0.694048998747337,14.4030000000057
6,5,21,0.832622868306541,0.848473643124204,0.59867427607035,0.696002301437979,0.649103392980456,0.721705802913595,133.612999999998
6,5,41,0.834862126054962,0.850815563498911,0.593221011090526,0.698341536755812,0.65093521312144,0.719749884926347,254.387000000002
6,5,61,0.836146080596577,0.851390772011997,0.58770588533868,0.695408509907569,0.650840273625961,0.717791850851505,378.081999999995
6,5,81,0.836526136042533,0.851226426722544,0.582273240616197,0.695363713061267,0.648607515444758,0.717955199651447,490.941000000006
6,5,101,0.836464516687426,0.850815563498911,0.582252620358856,0.693469179769744,0.648936779611529,0.717241966759443,614.149999999994
6,5,121,0.83693700623034,0.851062081433091,0.576778735121691,0.694550836954412,0.648489935996367,0.716647022151428,734.699999999997
6,5,141,0.836936994836228,0.851226426722544,0.587788366368043,0.695362079842912,0.647643614235595,0.716194300904294,857.135999999999
6,5,161,0.837388967805079,0.851514030979087,0.587788366368043,0.69531728299661,0.648043092381204,0.716907533796298,978.267999999996
6,5,181,0.837388972869181,0.85155511730145,0.582293860873538,0.696038932192507,0.647855090397601,0.717199022331082,1087.22900000001
6,7,1,0.728173865773914,0.742090557975183,0.518865328698886,0.643383502887846,0.622539415136721,0.6886962642943,14.1779999999999
6,7,21,0.831482591389852,0.841564631440546,0.561401893443714,0.679364802857394,0.642779792133574,0.711550603919304,133.33600000001
6,7,41,0.834348533943158,0.845057112334621,0.582061702568325,0.685422527093452,0.640450963117795,0.708953070046621,251.146000000008
6,7,61,0.835786665386899,0.845180376366176,0.587278220378952,0.683007708665603,0.638798599215722,0.706172190048839,374.479999999996
6,7,81,0.836166744257349,0.846741720765881,0.582144207415485,0.686873891357795,0.641867578220307,0.707516403477401,499.290999999997
6,7,101,0.836053739776991,0.846988248828992,0.577010194452017,0.690245647584687,0.640375864957252,0.707207416810981,613.032000000007
6,7,121,0.836269468293808,0.847111512860547,0.571855555276759,0.690073834925649,0.640613987594419,0.707021313904996,735.584000000003
6,7,141,0.836105118571997,0.847275864902621,0.582144207415485,0.689789652615406,0.640496946395917,0.708261213976233,853.947999999989
6,7,161,0.836166739192077,0.847275864902621,0.576989568240227,0.689505470305164,0.641457517424911,0.708544122303322,979.053999999989
6,7,181,0.836567361223864,0.847275864902621,0.566680289889711,0.687763407366116,0.641551150383713,0.7086820219362,1089.302
6,9,1,0.733095958007712,0.749095989480605,0.568597128238983,0.646875038543878,0.618375494697346,0.686839096280789,14.4330000000045
6,9,21,0.833669019372744,0.845701840894149,0.564608021125598,0.694821817156651,0.645060461701837,0.715668143839702,134.012000000002
6,9,41,0.835425686948353,0.848783694937541,0.564628651592672,0.697257305716828,0.646924633457305,0.717502809658144,252.322
6,9,61,0.836052341370424,0.849317882971729,0.564690542993893,0.699000898622992,0.643377777010906,0.715771442037558,378.093000000008
6,9,81,0.836915317492799,0.850016436554898,0.574690542993893,0.700250160783035,0.645239611551801,0.717600163586302,496.850000000006
6,9,101,0.837541975714,0.849523339907955,0.56966991252682,0.696164994229431,0.6445358589891,0.714521824452242,622.248000000007
6,9,121,0.837285132381151,0.850057527942143,0.574690542993893,0.696880368611627,0.645563966739398,0.714723533337314,745.990999999995
6,9,141,0.83730570086963,0.850016436554898,0.574711173460967,0.697482578166985,0.645470289924409,0.715400387513546,860.877000000008
6,9,161,0.837223485169036,0.850756081525312,0.574731803928041,0.700140167566758,0.644431641179525,0.714671355858857,985.740000000005
6,9,181,0.837408404010602,0.850756081525312,0.574731803928041,0.700854484745434,0.644743118157961,0.714736478635766,1106.04399999999
6,11,1,0.731807361542105,0.751499958905235,0.587471281296024,0.659335585524398,0.62094384601954,0.696777278798694,14.3880000000063
6,11,21,0.831917244322587,0.840223555519027,0.571098674521355,0.690711667686633,0.635986263279699,0.707046341815845,135.203999999998
6,11,41,0.834403581660657,0.844168652913619,0.571160530191458,0.693966359194476,0.63904079814956,0.708190793704356,254.994999999995
6,11,61,0.835091933323549,0.845483685378483,0.577092292587138,0.693291540831065,0.64120268299511,0.707576139563773,379.277999999991
6,11,81,0.835492637044863,0.845483685378483,0.571181148748159,0.694951789067545,0.640168234049151,0.707387067905615,499.573999999993
6,11,101,0.835800851579845,0.845278211555848,0.565187530682376,0.694856391645005,0.638593082042686,0.707071910419447,618.084000000003
6,11,121,0.83621178698062,0.845031642968686,0.565208149239077,0.692970582890638,0.63791104375877,0.707134896249596,748.129000000001
6,11,141,0.836242620720618,0.844826169146051,0.565228767795778,0.69285262941631,0.637017698187101,0.706404863226833,870.031000000003
6,11,161,0.836293955820362,0.844374126736254,0.56527000490918,0.691862026327857,0.636382617078241,0.704650711083665,978.956999999995
6,11,181,0.836365865746714,0.845072737733213,0.565249386352479,0.69652181309687,0.635794724993558,0.705905930471566,1104.46900000001
6,13,1,0.727484812568729,0.759976984094365,0.576165024757582,0.662586016729739,0.629438615706205,0.708548432660202,14.4340000000084
6,13,21,0.83521878229783,0.84530023426904,0.609024267588199,0.682046896449056,0.646023933391785,0.71258671989174,134.010999999999
6,13,41,0.836441543671867,0.848464921293823,0.614335757513238,0.690100689080406,0.646659070808913,0.712301758253836,253.214999999997
6,13,61,0.836729255584084,0.849697916238543,0.619544090846572,0.692306817724669,0.646652622995811,0.713849945192653,378.527000000002
6,13,81,0.837119702927806,0.849985615058978,0.609106792861564,0.694011996465857,0.646306039128287,0.712933193139751,490.790999999997
6,13,101,0.836975850139006,0.849204718260655,0.603857196891548,0.691619651968249,0.644939047097498,0.710618221393648,617.471999999994
6,13,121,0.837499878692109,0.849328017755127,0.598628232239873,0.691515303539801,0.64531948397142,0.70964939956725,743.648000000001
6,13,141,0.837253282236803,0.849410217418109,0.603877828209889,0.692390373913947,0.645355753913926,0.71013051167847,867.414999999994
6,13,161,0.83712996817261,0.849081418766183,0.603877828209889,0.690715732765622,0.64448203946157,0.709551857624214,982.034
6,13,181,0.83734574292158,0.84887591960873,0.603898459528231,0.689609484531026,0.643948461063636,0.70875208479714,1103.90800000001
6,15,1,0.730585435935124,0.741655705360079,0.561517506337493,0.64175572755866,0.615530947213803,0.681357413317796,14.6820000000007
6,15,21,0.834448276179758,0.840924038145347,0.554188125743916,0.6873626585076,0.642049697640346,0.71409643754559,134.580000000002
6,15,41,0.836667983853851,0.843267017428477,0.554250086171856,0.687071661368828,0.643085502824692,0.711095350074035,251.363999999987
6,15,61,0.837880575019271,0.843636961525814,0.566875781664642,0.684914231152751,0.64152956826974,0.706874302329093,372.850000000006
6,15,81,0.838538270311254,0.844623479118711,0.566875781664642,0.683743770416158,0.643935794329953,0.707605930470225,487.639999999999
6,15,101,0.838240242469652,0.844500164419599,0.566875781664642,0.685026484756092,0.642488388348684,0.707605930470225,611.232000000004
6,15,121,0.838661558400476,0.845281157513976,0.571118769288871,0.684918116644515,0.643725478946255,0.708588425118373,737.755000000005
6,15,141,0.83878489464176,0.845568891811904,0.566937742092582,0.686111028101775,0.643867839195023,0.708120454325895,848.960999999996
6,15,161,0.838764336278203,0.844870108516935,0.562715407944334,0.684499323935347,0.64223491953467,0.706237520428844,970.204000000012
6,15,181,0.839072624927566,0.844829003617231,0.566917088616602,0.685953873057099,0.641279969443071,0.70637604954406,1105.701
6,17,1,0.731081135642954,0.745241521068859,0.582289138082266,0.646532859878568,0.614291298090962,0.686975520135061,14.4579999999987
6,17,21,0.834660907584158,0.842754367934224,0.589557552976258,0.68639051306747,0.641384581881368,0.712547792839764,134.987999999998
6,17,41,0.836922013995701,0.846865364850976,0.583960205915242,0.693643111303528,0.640907679859336,0.712995396281557,257.050000000003
6,17,61,0.837261188355944,0.849085303186023,0.578342228387152,0.695720778502332,0.644884389126215,0.716394274080852,382.025999999998
6,17,81,0.83796006945392,0.849085303186023,0.589660705311627,0.695968058423203,0.64391788019237,0.714192256673264,502.826000000001
6,17,101,0.838309505883141,0.848879753340185,0.600876029900733,0.696080458387235,0.642008279334795,0.711653649989714,624.959000000003
6,17,121,0.838494487434357,0.850236382322713,0.595278682839717,0.701346064844343,0.64346654548108,0.712781880218198,747.831999999995
6,17,141,0.838823381343671,0.849701952723535,0.595216791438495,0.698923200790087,0.642962004613269,0.711907244649685,876.066000000006
6,17,161,0.838926158591218,0.850236382322713,0.595237421905569,0.698683162383942,0.643513379501312,0.713165818986614,1001.88900000001
6,17,181,0.838802836922988,0.850318602261048,0.595258052372643,0.70097114648136,0.64238721271511,0.714182680371419,1111.697
6,19,1,0.731265747151843,0.747625508819539,0.572507462660352,0.65892644780825,0.616190531204837,0.686447769399413,14.4389999999985
6,19,21,0.836156710053439,0.846799062538547,0.574137875010209,0.706222923439619,0.646949956762525,0.71894739381565,135.358999999997
6,19,41,0.838459301482405,0.850252867891945,0.563437662744836,0.713169714085905,0.644826093365006,0.717791683612714,256.240000000005
6,19,61,0.839220002206341,0.850540685004728,0.579498300208401,0.711640450629985,0.645087284132451,0.717281190121963,375.191999999995
6,19,81,0.83933306370457,0.850910735578307,0.574179151272231,0.712694202911392,0.643647159912417,0.718155426733221,496.301999999996
6,19,101,0.839312514214319,0.850705151926319,0.574199789403242,0.712896741393704,0.642230471361471,0.715777857008875,618.778000000006
6,19,121,0.839189145637657,0.850540685004728,0.568901278598082,0.712556255874065,0.642642471365866,0.715647226848984,745.213999999993
6,19,141,0.838962994110497,0.850664035195921,0.568942554860104,0.71116201807302,0.643767736665332,0.714857381908067,860.388000000006
6,19,161,0.838973288507975,0.850664035195921,0.568921916729093,0.71161502497172,0.641868741102726,0.713530917444421,995.284
6,19,181,0.838952744724193,0.850869618847909,0.568921916729093,0.710381238483814,0.643784375519474,0.714539826869949,1106.849
6,21,1,0.738189795244733,0.742978163424765,0.549306877464227,0.642321764275689,0.613865927575312,0.68014027298023,14.2590000000055
6,21,21,0.837546901200801,0.845252292634782,0.571036317413129,0.705287031851837,0.647052376160287,0.718958169193492,134.156000000003
6,21,41,0.83920213620838,0.847390714315088,0.560894170625019,0.702684775970915,0.648109557948568,0.716933318045381,255.440999999992
6,21,61,0.841021911703755,0.847760825759757,0.560894170625019,0.70390458711817,0.646484016089667,0.71603741796519,374.368999999992
6,21,81,0.841104140088178,0.847884196241313,0.566016856389527,0.704997400361855,0.644082162251364,0.715062971516458,498.010999999999
6,21,101,0.841412591659951,0.847843072747461,0.566016856389527,0.706284690927888,0.643046731167274,0.715419931156064,617.880999999994
6,21,121,0.841494848584622,0.847719702265905,0.566037501337708,0.703935041191747,0.643070224095902,0.714932707931698,738.472999999998
6,21,141,0.841361222386427,0.847925319735165,0.566016856389527,0.702827695742454,0.643776405734306,0.715089800668778,854.048999999999
6,21,161,0.841556569343706,0.848912283587614,0.560956105469563,0.705461795359312,0.644953491279942,0.717284569781577,977.130000000005
6,21,181,0.841607957010836,0.849364642019986,0.560976750417744,0.70818586753454,0.645235754868371,0.717354173099343,1092.26300000001
6,23,1,0.738377597652638,0.747038499506417,0.554746855986167,0.656795907445038,0.617526031769406,0.694341727794486,14.4799999999959
6,23,21,0.836838154621337,0.84637216189536,0.599628206717065,0.700350122927172,0.646995980365773,0.722804283238651,133.933000000005
6,23,41,0.839028454503742,0.848963474827246,0.599690172264221,0.701396467307226,0.647286566019524,0.720546038667721,254.555000000008
6,23,61,0.840025917012325,0.851020072392234,0.594969577867087,0.704690466036142,0.651076096130936,0.721916750513888,377.072
6,23,81,0.840385815241417,0.851143468246134,0.590248983469953,0.707023050935334,0.649628605998908,0.721534888052547,495.618999999992
6,23,101,0.841342143895265,0.851431391905232,0.590228328287567,0.71120868978032,0.648048850924074,0.722941299641055,615.938999999998
6,23,121,0.841177605303937,0.850608752879237,0.590248983469953,0.707597442780328,0.647090793097387,0.721288246354396,740.418000000005
6,23,141,0.841259873013406,0.850814412635735,0.594969577867087,0.70764239064081,0.647254812029858,0.721198099178936,851.977999999988
6,23,161,0.841619776318322,0.851020072392234,0.590228328287567,0.706588467842419,0.648166007304411,0.720771163129866,985.188000000009
6,23,181,0.841907706956681,0.851266864100033,0.580766484310914,0.707574968850087,0.648040528210476,0.721290528946617,1102.768
8,1,1,0.738274704888938,0.752632444883185,0.588617224061517,0.665911176755893,0.625155028273819,0.703223354996655,18.4940000000061
8,1,21,0.839141535125141,0.84641329384666,0.585404457978507,0.701204132276327,0.645560974304142,0.720271275433403,180.588000000003
8,1,41,0.841989983667983,0.848675551168147,0.575880648454697,0.703766421648562,0.648180028239535,0.721067930553197,340.486999999994
8,1,61,0.842586383429497,0.85003290556104,0.580725173946143,0.703698999857839,0.647673950506997,0.721067687076693,502.597999999998
8,1,81,0.84304912634011,0.849827245804541,0.580683863581373,0.705102575198816,0.646164489260366,0.722616410681558,660.896000000008
8,1,101,0.842915441576607,0.850896676538335,0.590187017922797,0.707400142578795,0.648365941583346,0.722357869069293,833.214000000007
8,1,121,0.843676382677044,0.851513655807832,0.585425113160892,0.706740820183471,0.649292245420368,0.722191757224709,992.679000000004
8,1,141,0.843799786991662,0.851102336294834,0.585445768343277,0.705040118578728,0.648889752370425,0.723085894249633,1153.01200000002
8,1,161,0.843933457373503,0.850896676538335,0.585445768343277,0.705152488229932,0.648866321094357,0.722080336289747,1309.77000000002
8,1,181,0.844118535928511,0.85184271141823,0.585445768343277,0.705946654206702,0.651310408891609,0.72313805909053,1473.427
8,3,1,0.740199892471694,0.745804540967424,0.589071235211738,0.647538471265989,0.616447058356484,0.685254141463025,18.4740000000165
8,3,21,0.840463174205973,0.843904244817374,0.600782950305934,0.688518333957516,0.642975386905123,0.717200741745908,179.277999999991
8,3,41,0.842108505573042,0.846125370187562,0.605895405548484,0.693580141340975,0.641287730626257,0.713282958893412,342.65400000001
8,3,61,0.843517236858269,0.848511023362948,0.616037715777525,0.69996217318271,0.643173221571875,0.717446732650217,504.589000000007
8,3,81,0.843959478937256,0.849292530437644,0.616037715777525,0.70112691195659,0.643280461843286,0.716449280244026,668.315999999992
8,3,101,0.844103460224536,0.850279697268838,0.610966560663005,0.701978026399625,0.64447604404034,0.718697248791165,834.045000000013
8,3,121,0.844422281072062,0.850485357025337,0.6059160556125,0.702806170612874,0.645072170551259,0.719453216740091,987.749000000011
8,3,141,0.84425771942399,0.850279697268838,0.621067570764015,0.702672593973443,0.643712469438329,0.71820849023789,1158.427
8,3,161,0.844237137380547,0.849868377755841,0.615996415649495,0.700298767743342,0.643665578319506,0.71820849023789,1313.709
8,3,181,0.844422258230377,0.850732148733136,0.615996415649495,0.703478298549316,0.644308595949248,0.719902746289934,1473.81299999999
8,5,1,0.739664799837038,0.752663403397639,0.548203296022469,0.657913954637443,0.624391067376013,0.69991357157336,18.5099999999802
8,5,21,0.839150635731831,0.848011188350952,0.579855437611003,0.702589107766575,0.648913381645005,0.72419443994217,177.966000000015
8,5,41,0.841680457171556,0.850109004154498,0.564834785841147,0.706750119193227,0.649166630811949,0.722764839325691,342.326000000001
8,5,61,0.842225474982895,0.850931677018634,0.559793482301433,0.705547535902215,0.65022744929165,0.723241102051047,502.155999999988
8,5,81,0.843212711189724,0.852165686314837,0.569772830531577,0.704208041170743,0.653340903800892,0.723710438721885,667.52900000001
8,5,101,0.843572658912481,0.852823824606145,0.58475217876172,0.704977471631655,0.65489799969168,0.725002335766186,828.225999999995
8,5,121,0.843624104310387,0.85200115174201,0.584772830531577,0.703503465847858,0.652114168002604,0.722451541991592,986.571999999986
8,5,141,0.843500687305248,0.852782690962939,0.58481413407129,0.704862978699916,0.653128002832616,0.724120700819224,1154.19099999999
8,5,161,0.843747513700516,0.853481962897454,0.579731526991863,0.704997489752241,0.654495689579973,0.724991743574307,1325.193
8,5,181,0.844076587924328,0.852741557319732,0.579793482301433,0.703209624846353,0.654354738630904,0.723439103935096,1481.755
8,7,1,0.744207341216443,0.751120983997696,0.559753987325917,0.653686564787047,0.622618629883458,0.699315434376402,18.2069999999949
8,7,21,0.839800572219793,0.845653873051133,0.600855222260366,0.690236817025861,0.650902350545397,0.727033586383972,177.300000000017
8,7,41,0.841507769014488,0.848533464971821,0.606514487980033,0.695325974641453,0.650778656449694,0.724490259586589,342.121000000014
8,7,61,0.842865319693512,0.849150520383397,0.612070533220757,0.696772495610423,0.651303615321055,0.725227799175475,496.847999999998
8,7,81,0.842690453902339,0.849890986877288,0.606452555692667,0.698278839131718,0.651892961932989,0.725250797036694,662.521000000008
8,7,101,0.843009262058509,0.849890986877288,0.612070533220757,0.696300551351575,0.652678906406808,0.724096797937191,825.541999999987
8,7,121,0.843657182511723,0.851001686618125,0.606493843884245,0.698196518379249,0.653485317572005,0.725799271754622,977.28899999999
8,7,141,0.8436983186938,0.851413056892509,0.606452555692667,0.698024204826204,0.654177444614545,0.726756540029426,1144.85699999999
8,7,161,0.843780593594247,0.8521535233864,0.606473199788456,0.70055727556184,0.655180453641627,0.727873635348987,1315.07200000001
8,7,181,0.84372918373314,0.852400345551031,0.612111821412334,0.700797083715317,0.655250816715086,0.728171717566037,1471.08100000001
8,9,1,0.741134230081011,0.74789155387337,0.58636352497849,0.654520251753117,0.623606119253775,0.693323768526535,18.2930000000051
8,9,21,0.841064262610462,0.844571522606656,0.637176809810606,0.702593667076515,0.652409899403824,0.718822751750558,177.152000000002
8,9,41,0.84354292296074,0.847286789813634,0.631661656810319,0.705573685996891,0.651853541668843,0.720319233312162,343.76999999999
8,9,61,0.845229710342061,0.848644423417123,0.63723875232795,0.70597721847291,0.65330221109315,0.719239355042911,501.45299999998
8,9,81,0.84536339171813,0.847945036409265,0.642712610316674,0.705237484520065,0.652080190791021,0.71955001016826,661.896999999997
8,9,101,0.845291424346966,0.84934381042498,0.642712610316674,0.706133870618557,0.653538171451809,0.72077833702932,824.056000000011
8,9,121,0.845754260334113,0.849467231661661,0.642733257822455,0.704655309751135,0.653524098615533,0.720016528554888,979.717000000004
8,9,141,0.845795367744095,0.84975521454725,0.642712610316674,0.707881301963614,0.651372733641255,0.720512705619398,1145.647
8,9,161,0.845774811076822,0.849796354959477,0.63723875232795,0.708150172441248,0.651853965595057,0.720364792726194,1317.77100000001
8,9,181,0.845774780610244,0.84975521454725,0.631764894339225,0.708777234542973,0.651787939087254,0.72021687983299,1487.13799999998
8,11,1,0.743188189322861,0.754289240896935,0.563436925736506,0.663552413377898,0.627857110786028,0.702161193786075,18.5449999999837
8,11,21,0.839444998892621,0.848755400123431,0.579067320771857,0.702357305736171,0.654052610182016,0.725177752705233,179.624000000011
8,11,41,0.842407313401272,0.850072001645752,0.551112589053085,0.701412153339252,0.654158596033387,0.72359793503713,342.027000000002
8,11,61,0.843569673508555,0.85266406089282,0.555744160519947,0.707818537664473,0.656178245360295,0.727549145783711,502.327000000019
8,11,81,0.84379593731129,0.853034355070973,0.551029937594286,0.70977433840109,0.654669077697811,0.727692751230605,666.816999999981
8,11,101,0.844598238827766,0.853857231022423,0.569804177838131,0.712696820190843,0.656313351649344,0.728733844921547,831.273000000016
8,11,121,0.844608570906306,0.853486936844271,0.565151943506569,0.712719258821189,0.655665757011606,0.726800906446537,992.016000000003
8,11,141,0.844536582378751,0.853528080641843,0.56988682929693,0.71343820496639,0.654305844329963,0.725883495618344,1149.16800000001
8,11,161,0.844474854832324,0.853857231022423,0.569804177838131,0.713370434088288,0.654370567736129,0.724901172278437,1323.24600000001
8,11,181,0.844598257447863,0.853322361653981,0.565151943506569,0.71235887577446,0.653297846062735,0.723872861609558,1475.96899999998
8,13,1,0.742336032701318,0.752540838579599,0.588814560788453,0.660419775028587,0.626181632067681,0.697398658163196,18.3269999999902
8,13,21,0.839982272425292,0.849360161296959,0.568797827078553,0.708955787604106,0.650882565704451,0.727375321606103,178.222000000009
8,13,41,0.842399737611033,0.8516232563881,0.568880440982473,0.70992746653568,0.650792078271669,0.725614445070967,341.323999999993
8,13,61,0.843212467715285,0.853269143727112,0.568963054886393,0.715396341013141,0.649865557250657,0.726708032726003,496.053000000014
8,13,81,0.843469642269277,0.85302226062626,0.568880440982473,0.712943030078837,0.648368468167462,0.724596321015023,667.890000000014
8,13,101,0.84371654145672,0.852816524708884,0.563581945522282,0.710960653893648,0.64778997270326,0.725070793444972,828.814000000013
8,13,121,0.843469649042197,0.852857671892359,0.563602598998262,0.709405589691188,0.646922229506957,0.724268765542222,977.854999999981
8,13,141,0.843881142042813,0.853186849360161,0.568942401410413,0.711426984198416,0.646894822445107,0.723976936748448,1153.85100000002
8,13,161,0.843901730028365,0.852693083158458,0.568963054886393,0.711185554937189,0.646414064125275,0.722406333459969,1308.052
8,13,181,0.843994312461299,0.853392585277538,0.568963054886393,0.711034086093379,0.648356577064434,0.723464463477466,1470.74600000001
8,15,1,0.743569764078196,0.756460905349794,0.624082674311463,0.673783942613337,0.618452755707216,0.702929739020847,18.3419999999751
8,15,21,0.838944078955168,0.848765432098765,0.585835195399451,0.706217121792182,0.650993332661773,0.726179165179007,179.149999999994
8,15,41,0.842123225945877,0.850493827160494,0.591623621964263,0.708031622174746,0.648806615712001,0.725382695304301,340.091000000015
8,15,61,0.84276108772183,0.851646090534979,0.591582321836232,0.708609139925782,0.648359135953259,0.72471737363671,500.176000000007
8,15,81,0.842442150059261,0.851152263374486,0.585835195399451,0.708781544245057,0.646177927899568,0.723869867887343,665.889999999985
8,15,101,0.84308003808676,0.852139917695473,0.591644272028278,0.709179011581976,0.648133586008034,0.723723968548397,824.527000000002
8,15,121,0.843316641583737,0.852222222222222,0.585897145591496,0.710161210782013,0.646834588312326,0.723156308497932,979.527000000002
8,15,141,0.842977132023601,0.852798353909465,0.58017066921873,0.710918346964405,0.649203413626805,0.724463045875138,1156.56100000002
8,15,161,0.843481277735606,0.853086419753086,0.580191319282745,0.710573538325856,0.649082532707103,0.724530019055117,1326.492
8,15,181,0.843470973580105,0.852716049382716,0.585959095783542,0.709351415901251,0.648746962237304,0.723578069209452,1486.28699999998
8,17,1,0.737906863163721,0.753951267698387,0.595347157853894,0.647057720874756,0.6270703170987,0.702018325068879,18.5080000000016
8,17,21,0.840928987354577,0.849234441883438,0.570466254230346,0.701085505607062,0.659046568393837,0.731893432013864,179.745000000024
8,17,41,0.842739963035872,0.85153934804083,0.565093444849216,0.7002122308116,0.658992130138374,0.729421408334437,342.366000000009
8,17,61,0.843141307707078,0.851703984194929,0.559679319983043,0.699454914754599,0.657789585891693,0.726273041413811,500.47199999998
8,17,81,0.843305963343569,0.852774119196576,0.559679319983043,0.702348982948352,0.660461994871089,0.72875002132806,665.540999999997
8,17,101,0.843779307534876,0.853432663812973,0.559658662240521,0.705355714503979,0.660186285800077,0.728932731706009,834.035999999993
8,17,121,0.843738146802285,0.852074415541653,0.554244537374347,0.701511978693892,0.657789585891693,0.726519796908122,986.75
8,17,141,0.84406742843029,0.852362528811327,0.543374972156956,0.703026610807894,0.657443632369993,0.726287300745141,1143.33299999998
8,17,161,0.844139446582752,0.853185709581824,0.554244537374347,0.704971011385312,0.658070563694446,0.72773460256278,1314.16499999998
8,17,181,0.844067420806503,0.852774119196576,0.554265195116869,0.704835815351062,0.656124794002139,0.726911319146585,1491.30299999999
8,19,1,0.74299147745978,0.75139963774082,0.612126302551204,0.659151556700391,0.628203480210748,0.703144965417267,18.7039999999979
8,19,21,0.843086287116823,0.847686481146056,0.613841178584262,0.708059094678488,0.655097230821592,0.729464504776905,180.45299999998
8,19,41,0.844990177300719,0.849250782150502,0.597557491915199,0.703804005452832,0.657435054388277,0.72679626690644,340.626000000018
8,19,61,0.845741389894062,0.850074098468632,0.613861839741286,0.70489208366883,0.655388897599516,0.726027305885013,503.691999999981
8,19,81,0.84568991398331,0.849127284702783,0.613882500898311,0.703930115373252,0.652396153018493,0.723159237051361,668.785999999993
8,19,101,0.845792842080909,0.84974477194138,0.603033596837945,0.703830624066401,0.654675521431758,0.724220180780719,824.400999999983
8,19,121,0.846194224038454,0.849868269389099,0.602950952209846,0.704164967416465,0.654009131121257,0.724951175724661,986.709999999992
