"horas","ntrees","acuracia_total_treino","acuracia_total_teste","acuracia_nevoa","acuracia_visivel","sens_nevoa","sens_visivel","spec_nevoa","spec_visivel","ppv_nevoa","ppv_visivel","npv_nevoa","npv_visivel","bal_acc_nevoa","bal_acc_visivel","runtime_sec"
1,1,0.994294510806069,0.993573138341476,0.14859437751004,0.14859437751004,0.14859437751004,0.9970367931517,0.9970367931517,0.14859437751004,0.170506912442394,0.996511838359906,0.996511838359906,0.170506912442394,0.57281558533087,0.57281558533087,7.286
1,21,0.99670459280666,0.996327507623701,0.192771084337349,0.192771084337349,0.192771084337349,0.999621368013828,0.999621368013828,0.192771084337349,0.676056338028159,0.996700753410042,0.996700753410042,0.676056338028159,0.596196226175589,0.596196226175589,18.74
1,1,0.994294510806069,0.993573138341476,0.14859437751004,0.14859437751004,0.14859437751004,0.9970367931517,0.9970367931517,0.14859437751004,0.170506912442394,0.996511838359906,0.996511838359906,0.170506912442394,0.57281558533087,0.57281558533087,7.418
1,21,0.99670459280666,0.996327507623701,0.192771084337349,0.192771084337349,0.192771084337349,0.999621368013828,0.999621368013828,0.192771084337349,0.676056338028159,0.996700753410042,0.996700753410042,0.676056338028159,0.596196226175589,0.596196226175589,17.909
1,41,0.996819353624416,0.996540643341968,0.204819277108434,0.204819277108434,0.204819277108434,0.999785990616512,0.999785990616512,0.204819277108434,0.796874999999989,0.996750369276219,0.996750369276219,0.796874999999989,0.602302633862473,0.602302633862473,31.445
1,61,0.996802960181572,0.996507853231465,0.200803212851406,0.200803212851406,0.200803212851406,0.999769528356243,0.999769528356243,0.200803212851406,0.781250000000014,0.996733956999836,0.996733956999836,0.781250000000014,0.600286370603825,0.600286370603825,45.234
1,81,0.99678656673917,0.996557038397219,0.21285140562249,0.21285140562249,0.21285140562249,0.999769528356243,0.999769528356243,0.21285140562249,0.791044776119417,0.99678303543585,0.99678303543585,0.791044776119417,0.606310466989367,0.606310466989367,59.484
1,101,0.996819357656361,0.996606223562973,0.21285140562249,0.21285140562249,0.21285140562249,0.999818915137048,0.999818915137048,0.21285140562249,0.828125000000024,0.996783193828984,0.996783193828984,0.828125000000024,0.606335160379769,0.606335160379769,72.974
1,121,0.996802962869903,0.996622618618225,0.21285140562249,0.21285140562249,0.21285140562249,0.999835377397317,0.999835377397317,0.21285140562249,0.841269841269839,0.99678324662323,0.99678324662323,0.841269841269839,0.606343391509903,0.606343391509903,86.964
1,141,0.996819361688307,0.996507853231465,0.204819277108434,0.204819277108434,0.204819277108434,0.999753066095975,0.999753066095975,0.204819277108434,0.77272727272731,0.996750262605042,0.996750262605042,0.77272727272731,0.602286171602204,0.602286171602204,99.671
1,161,0.996819360344252,0.996606223562973,0.204819277108434,0.204819277108434,0.204819277108434,0.999851839657585,0.999851839657585,0.204819277108434,0.84999999999997,0.996750582597565,0.996750582597565,0.84999999999997,0.602335558383009,0.602335558383009,114.367
1,181,0.996802962869903,0.996606223562973,0.204819277108434,0.204819277108434,0.204819277108434,0.999851839657585,0.999851839657585,0.204819277108434,0.84999999999997,0.996750582597565,0.996750582597565,0.84999999999997,0.602335558383009,0.602335558383009,125.995
1,201,0.996835753786875,0.996573433452471,0.204819277108434,0.204819277108434,0.204819277108434,0.999818915137048,0.999818915137048,0.204819277108434,0.822580645161315,0.996750475940393,0.996750475940393,0.822580645161315,0.602319096122741,0.602319096122741,140.778
4,1,0.993163060861899,0.992720356768101,0.072289156626506,0.072289156626506,0.072289156626506,0.996493423110482,0.996493423110482,0.072289156626506,0.0779220779220773,0.996198219252481,0.996198219252481,0.0779220779220773,0.534391289868494,0.534391289868494,4.3069999999999
4,21,0.996376581487425,0.995983079748164,0.0240963855421687,0.0240963855421687,0.0240963855421687,0.999967074395404,0.999967074395404,0.0240963855421687,0.749999999999823,0.996015348288076,0.996015348288076,0.749999999999823,0.512031729968786,0.512031729968786,20.66
4,41,0.996392972242157,0.996196222455404,0.072289156626506,0.072289156626506,0.072289156626506,0.999983537197702,0.999983537197702,0.072289156626506,0.947368421052753,0.99621143784954,0.99621143784954,0.947368421052753,0.536136346912104,0.536136346912104,37.332
4,61,0.996392972242157,0.996081453305351,0.0401606425702811,0.0401606425702811,0.0401606425702811,1,1,0.0401606425702811,1,0.996080810731035,0.996080810731035,1,0.520080321285141,0.520080321285141,50.4929999999999
4,81,0.996376578799534,0.996065057712487,0.036144578313253,0.036144578313253,0.036144578313253,1,1,0.036144578313253,1,0.996064476985389,0.996064476985389,1,0.518072289156627,0.518072289156627,65.978
4,101,0.996376576111644,0.995950288562434,0.00803212851405622,0.00803212851405622,0.00803212851405622,1,1,0.00803212851405622,1,0.99595015576324,0.99595015576324,1,0.504016064257028,0.504016064257028,78.2369999999999
4,121,0.996376578799534,0.996130640083945,0.0562248995983936,0.0562248995983936,0.0562248995983936,0.999983537197702,0.999983537197702,0.0562248995983936,0.933333333333484,0.996146087869197,0.996146087869197,0.933333333333484,0.528104218398048,0.528104218398048,102.231
4,141,0.996376578799534,0.996081453305351,0.0401606425702811,0.0401606425702811,0.0401606425702811,1,1,0.0401606425702811,1,0.996080810731035,0.996080810731035,1,0.520080321285141,0.520080321285141,113.46
4,161,0.996376578799534,0.996081453305351,0.0401606425702811,0.0401606425702811,0.0401606425702811,1,1,0.0401606425702811,1,0.996080810731035,0.996080810731035,1,0.520080321285141,0.520080321285141,128.646
4,181,0.996376578799534,0.996081453305351,0.0401606425702811,0.0401606425702811,0.0401606425702811,1,1,0.0401606425702811,1,0.996080810731035,0.996080810731035,1,0.520080321285141,0.520080321285141,144.809
4,201,0.996376578799534,0.996081453305351,0.0401606425702811,0.0401606425702811,0.0401606425702811,1,1,0.0401606425702811,1,0.996080810731035,0.996080810731035,1,0.520080321285141,0.520080321285141,158.617
7,1,0.992014847847552,0.992260899506468,0.113122171945701,0.113122171945701,0.113122171945701,0.995458135860979,0.995458135860979,0.113122171945701,0.0830564784053149,0.99677036646454,0.99677036646454,0.0830564784053149,0.55429015390334,0.55429015390334,3.98400000000015
7,21,0.995933626549434,0.996327206545443,0,0,0,0.999950631911532,0.999950631911532,0,0,0.996376217492539,0.996376217492539,0,0.499975315955766,0.499975315955766,19.192
7,41,0.99593362789371,0.996474774139599,0.0633484162895928,0.0633484162895928,0.0633484162895928,0.999868351764086,0.999868351764086,0.0633484162895928,0.636363636363694,0.996604720586547,0.996604720586547,0.636363636363694,0.53160838402684,0.53160838402684,37.954
7,61,0.995917231763196,0.996425584941547,0.0588235294117647,0.0588235294117647,0.0588235294117647,0.999835439705108,0.999835439705108,0.0588235294117647,0.565217391304284,0.99658826231014,0.99658826231014,0.565217391304284,0.529329484558436,0.529329484558436,56.3530000000001
7,81,0.995917230418921,0.996359999344144,0,0,0,0.999983543970511,0.999983543970511,0,0,0.996376336328458,0.996376336328458,0,0.499991771985255,0.499991771985255,65.2829999999999
7,101,0.995917230418921,0.996359999344144,0,0,0,0.999983543970511,0.999983543970511,0,0,0.996376336328458,0.996376336328458,0,0.499991771985255,0.499991771985255,80.259
7,121,0.995933625205158,0.9965075669383,0.0497737556561086,0.0497737556561086,0.0497737556561086,0.999950631911532,0.999950631911532,0.0497737556561086,0.785714285714469,0.996555965559656,0.996555965559656,0.785714285714469,0.52486219378382,0.52486219378382,101.107
7,141,0.995933625205158,0.9965075669383,0.0497737556561086,0.0497737556561086,0.0497737556561086,0.999950631911532,0.999950631911532,0.0497737556561086,0.785714285714469,0.996555965559656,0.996555965559656,0.785714285714469,0.52486219378382,0.52486219378382,116.921
7,161,0.995933625205158,0.9965075669383,0.0542986425339367,0.0542986425339367,0.0542986425339367,0.999934175882043,0.999934175882043,0.0542986425339367,0.749999999999888,0.996572253292441,0.996572253292441,0.749999999999888,0.52711640920799,0.52711640920799,133.493
7,181,0.995917230418921,0.996376395743495,0,0,0,1,1,0,NA,0.996376395743495,0.996376395743495,NA,0.5,0.5,142.266
7,201,0.995917230418921,0.996376395743495,0,0,0,1,1,0,NA,0.996376395743495,0.996376395743495,NA,0.5,0.5,156.574
10,1,0.991866582260992,0.991817525908435,0.0361990950226244,0.0361990950226244,0.0361990950226244,0.995293188288926,0.995293188288926,0.0361990950226244,0.0272108843537418,0.996490360850222,0.996490360850222,0.0272108843537418,0.515746141655775,0.515746141655775,4.13799999999992
10,21,0.995916895672451,0.996408894136167,0.00904977375565611,0.00904977375565611,0.00904977375565611,1,1,0.00904977375565611,1,0.996408776360237,0.996408776360237,1,0.504524886877828,0.504524886877828,20.4830000000002
10,41,0.995916895672451,0.996392496392496,0.00452488687782805,0.00452488687782805,0.00452488687782805,1,1,0.00452488687782805,1,0.996392437236607,0.996392437236607,1,0.502262443438914,0.502262443438914,36.8690000000001
10,61,0.995916895672451,0.996376098648826,0,0,0,1,1,0,NA,0.996376098648826,0.996376098648826,NA,0.5,0.5,53.6320000000001
10,81,0.995916895672451,0.996376098648826,0,0,0,1,1,0,NA,0.996376098648826,0.996376098648826,NA,0.5,0.5,69.5799999999999
10,101,0.995916895672451,0.996376098648826,0,0,0,1,1,0,NA,0.996376098648826,0.996376098648826,NA,0.5,0.5,85.9229999999998
10,121,0.995916895672451,0.996376098648826,0,0,0,1,1,0,NA,0.996376098648826,0.996376098648826,NA,0.5,0.5,102.3
10,141,0.995916895672451,0.996376098648826,0,0,0,1,1,0,NA,0.996376098648826,0.996376098648826,NA,0.5,0.5,118.226
10,161,0.995916895672451,0.996376098648826,0,0,0,1,1,0,NA,0.996376098648826,0.996376098648826,NA,0.5,0.5,135.503
10,181,0.995916895672451,0.996376098648826,0,0,0,1,1,0,NA,0.996376098648826,0.996376098648826,NA,0.5,0.5,149.763
10,201,0.995916895672451,0.996376098648826,0,0,0,1,1,0,NA,0.996376098648826,0.996376098648826,NA,0.5,0.5,169.529
13,1,0.993144962719612,0.992521770503633,0.0240963855421687,0.0240963855421687,0.0240963855421687,0.996492556975366,0.996492556975366,0.0240963855421687,0.0273972602739724,0.996000526679614,0.996000526679614,0.0273972602739724,0.510294471258767,0.510294471258767,4.16899999999987
13,21,0.996375684770212,0.995900093477869,0,0,0,0.99998353313134,0.99998353313134,0,0,0.995916426134873,0.995916426134873,0,0.49999176656567,0.49999176656567,18.808
13,41,0.996375684770212,0.995916493103957,0,0,0,1,1,0,NA,0.995916493103957,0.995916493103957,NA,0.5,0.5,33.3420000000001
13,61,0.996375684770212,0.995916493103957,0,0,0,1,1,0,NA,0.995916493103957,0.995916493103957,NA,0.5,0.5,48.8919999999998
13,81,0.996375684770212,0.995916493103957,0,0,0,1,1,0,NA,0.995916493103957,0.995916493103957,NA,0.5,0.5,63.0540000000001
13,101,0.996375684770212,0.995916493103957,0,0,0,1,1,0,NA,0.995916493103957,0.995916493103957,NA,0.5,0.5,77.8789999999999
13,121,0.996375684770212,0.995916493103957,0,0,0,1,1,0,NA,0.995916493103957,0.995916493103957,NA,0.5,0.5,93.4720000000002
13,141,0.996375684770212,0.995916493103957,0,0,0,1,1,0,NA,0.995916493103957,0.995916493103957,NA,0.5,0.5,108.756
13,161,0.996375684770212,0.995916493103957,0,0,0,1,1,0,NA,0.995916493103957,0.995916493103957,NA,0.5,0.5,126.05
13,181,0.996375684770212,0.995916493103957,0,0,0,1,1,0,NA,0.995916493103957,0.995916493103957,NA,0.5,0.5,137.899
13,201,0.996375684770212,0.995916493103957,0,0,0,1,1,0,NA,0.995916493103957,0.995916493103957,NA,0.5,0.5,152.715
16,1,0.992865222527998,0.992553592809461,0.0682730923694779,0.0682730923694779,0.0682730923694779,0.996343873517787,0.996343873517787,0.0682730923694779,0.0711297071129701,0.996179812283879,0.996179812283879,0.0711297071129701,0.532308482943632,0.532308482943632,4.1929999999993
16,21,0.996375208672808,0.99591595728977,0,0,0,1,1,0,NA,0.99591595728977,0.99591595728977,NA,0.5,0.5,19.4970000000003
16,41,0.996375208672808,0.99591595728977,0,0,0,1,1,0,NA,0.99591595728977,0.99591595728977,NA,0.5,0.5,35.4290000000001
16,61,0.996375208672808,0.99591595728977,0,0,0,1,1,0,NA,0.99591595728977,0.99591595728977,NA,0.5,0.5,51.402
16,81,0.996375208672808,0.995932359067723,0.00401606425702811,0.00401606425702811,0.00401606425702811,1,1,0.00401606425702811,1,0.995932292350085,0.995932292350085,1,0.502008032128514,0.502008032128514,66.1500000000005
16,101,0.996375208672808,0.995932359067723,0.00401606425702811,0.00401606425702811,0.00401606425702811,1,1,0.00401606425702811,1,0.995932292350085,0.995932292350085,1,0.502008032128514,0.502008032128514,81.9749999999995
16,121,0.996375208672808,0.995932359067723,0.00401606425702811,0.00401606425702811,0.00401606425702811,1,1,0.00401606425702811,1,0.995932292350085,0.995932292350085,1,0.502008032128514,0.502008032128514,98.8279999999995
16,141,0.996375208672808,0.995932359067723,0.00401606425702811,0.00401606425702811,0.00401606425702811,1,1,0.00401606425702811,1,0.995932292350085,0.995932292350085,1,0.502008032128514,0.502008032128514,114.693
16,161,0.996375208672808,0.99591595728977,0,0,0,1,1,0,NA,0.99591595728977,0.99591595728977,NA,0.5,0.5,130.386
16,181,0.99639160883681,0.996112778625203,0.0481927710843374,0.0481927710843374,0.0481927710843374,1,1,0.0481927710843374,1,0.996112013386486,0.996112013386486,1,0.524096385542169,0.524096385542169,163.08
16,201,0.996375208672808,0.99591595728977,0,0,0,1,1,0,NA,0.99591595728977,0.99591595728977,NA,0.5,0.5,163.117
19,1,0.99171573663158,0.992568897637795,0.0452488687782805,0.0452488687782805,0.0452488687782805,0.996015739475461,0.996015739475461,0.0452488687782805,0.0396825396825402,0.996524346049944,0.996524346049944,0.0396825396825402,0.520632304126871,0.520632304126871,4.27499999999964
19,21,0.995915288396349,0.99637467191601,0.00904977375565611,0.00904977375565611,0.00904977375565611,0.99996707222707,0.99996707222707,0.00904977375565611,0.500000000000066,0.996407244569854,0.996407244569854,0.500000000000066,0.504508422991363,0.504508422991363,19.7469999999994
19,41,0.995931691250225,0.996538713910761,0.0588235294117647,0.0588235294117647,0.0588235294117647,0.999950608340605,0.999950608340605,0.0588235294117647,0.81250000000004,0.996587030716724,0.996587030716724,0.81250000000004,0.529387068876185,0.529387068876185,39.1469999999999
19,61,0.995931691250225,0.996538713910761,0.0588235294117647,0.0588235294117647,0.0588235294117647,0.999950608340605,0.999950608340605,0.0588235294117647,0.81250000000004,0.996587030716724,0.996587030716724,0.81250000000004,0.529387068876185,0.529387068876185,56.6619999999994
19,81,0.995931691250225,0.996473097112861,0.0407239819004525,0.0407239819004525,0.0407239819004525,0.999950608340605,0.999950608340605,0.0407239819004525,0.750000000000049,0.996521624991796,0.996521624991796,0.750000000000049,0.520337295120529,0.520337295120529,69.9250000000002
19,101,0.995948096795299,0.996505905511811,0.0452488687782805,0.0452488687782805,0.0452488687782805,0.99996707222707,0.99996707222707,0.0452488687782805,0.83333333333337,0.99653803242108,0.99653803242108,0.83333333333337,0.522607970502675,0.522607970502675,86.0940000000001
19,121,0.995948096795299,0.996505905511811,0.0452488687782805,0.0452488687782805,0.0452488687782805,0.99996707222707,0.99996707222707,0.0452488687782805,0.83333333333337,0.99653803242108,0.99653803242108,0.83333333333337,0.522607970502675,0.522607970502675,101.725
19,141,0.995948096795299,0.996505905511811,0.0452488687782805,0.0452488687782805,0.0452488687782805,0.99996707222707,0.99996707222707,0.0452488687782805,0.83333333333337,0.99653803242108,0.99653803242108,0.83333333333337,0.522607970502675,0.522607970502675,120.403
19,161,0.995948096795299,0.996505905511811,0.0452488687782805,0.0452488687782805,0.0452488687782805,0.99996707222707,0.99996707222707,0.0452488687782805,0.83333333333337,0.99653803242108,0.99653803242108,0.83333333333337,0.522607970502675,0.522607970502675,134.794999999999
19,181,0.995931692595824,0.996505905511811,0.0452488687782805,0.0452488687782805,0.0452488687782805,0.99996707222707,0.99996707222707,0.0452488687782805,0.83333333333337,0.99653803242108,0.99653803242108,0.83333333333337,0.522607970502675,0.522607970502675,153.076
19,201,0.995931692595824,0.996522309711286,0.0497737556561086,0.0497737556561086,0.0497737556561086,0.99996707222707,0.99996707222707,0.0497737556561086,0.84615384615388,0.996554383316652,0.996554383316652,0.84615384615388,0.524870413941589,0.524870413941589,169.406
22,1,0.991993190918182,0.992682406602241,0.0497737556561086,0.0497737556561086,0.0497737556561086,0.99611381899618,0.99611381899618,0.0497737556561086,0.0445344129554655,0.996540476425818,0.996540476425818,0.0445344129554655,0.522943787326144,0.522943787326144,4.47199999999975
22,21,0.99589814401842,0.996406831941459,0.00904977375565611,0.00904977375565611,0.00904977375565611,1,1,0.00904977375565611,1,0.996406714030223,0.996406714030223,1,0.504524886877828,0.504524886877828,20.79
22,41,0.99589814401842,0.99637401762129,0.00452488687782805,0.00452488687782805,0.00452488687782805,0.99998353313134,0.99998353313134,0.00452488687782805,0.499999999999278,0.996390306331731,0.996390306331731,0.499999999999278,0.502254210004584,0.502254210004584,37.3040000000001
22,61,0.995898145364461,0.996488867741883,0.0407239819004525,0.0407239819004525,0.0407239819004525,0.99996706626268,0.99996706626268,0.0407239819004525,0.81818181818189,0.996521054186222,0.996521054186222,0.81818181818189,0.520345524081566,0.520345524081566,56.5450000000001
22,81,0.995914550909314,0.99637401762129,0,0,0,1,1,0,NA,0.99637401762129,0.99637401762129,NA,0.5,0.5,70.2649999999994
22,101,0.995914550909314,0.99637401762129,0,0,0,1,1,0,NA,0.99637401762129,0.99637401762129,NA,0.5,0.5,87.3389999999999
22,121,0.995914550909314,0.996390424781375,0.00452488687782805,0.00452488687782805,0.00452488687782805,1,1,0.00452488687782805,1,0.996390365557524,0.996390365557524,1,0.502262443438914,0.502262443438914,105.035
22,141,0.995914550909314,0.996390424781375,0.00452488687782805,0.00452488687782805,0.00452488687782805,1,1,0.00452488687782805,1,0.996390365557524,0.996390365557524,1,0.502262443438914,0.502262443438914,121.052000000001
22,161,0.995914550909314,0.996390424781375,0.00452488687782805,0.00452488687782805,0.00452488687782805,1,1,0.00452488687782805,1,0.996390365557524,0.996390365557524,1,0.502262443438914,0.502262443438914,136.246999999999
22,181,0.995914550909314,0.996390424781375,0.00452488687782805,0.00452488687782805,0.00452488687782805,1,1,0.00452488687782805,1,0.996390365557524,0.996390365557524,1,0.502262443438914,0.502262443438914,154.618
22,201,0.995914550909314,0.996390424781375,0.00452488687782805,0.00452488687782805,0.00452488687782805,1,1,0.00452488687782805,1,0.996390365557524,0.996390365557524,1,0.502262443438914,0.502262443438914,170.856
